{"CategoryName":"Imported Playbooks","OverviewTemplatesDetails":[{"OverviewTemplate":{"Identifier":"3c360a07-ba14-4cac-8eb3-289dc8df853e","Name":"FileContext Analysis","Creator":null,"PlaybookDefinitionIdentifier":"63cd3383-c08e-4264-8db1-45b892191f37","Type":0,"AlertRuleType":null,"Roles":[],"Widgets":[{"Title":"Rubrik File Context Analysis Overview","Description":"","Identifier":"7c395385-bb61-4001-8e36-4b5b08f9c897","Order":1,"TemplateIdentifier":"3c360a07-ba14-4cac-8eb3-289dc8df853e","Type":0,"DataDefinitionJson":"{\n  \"keyValue\": [\n    {\n      \"key\": \"Object Name\",\n      \"value\": \"[Rubrik File Context Analysis Input Block_1.Extract Input Params.JsonResult|\\\"data.object_name\\\"]\"\n    },\n    {\n      \"key\": \"Snapshot ID\",\n      \"value\": \"[Get Sonar Sensitive Hits.JsonResult| \\\"data.policyObj.snapshotFid\\\"]\"\n    },\n    {\n      \"key\": \"File Name\",\n      \"value\": \"[Rubrik File Context Analysis Input Block_1.Extract Input Params.JsonResult| \\\"data.file_name\\\"]\"\n    },\n    {\n      \"key\": \"File Path\",\n      \"value\": \"[Rubrik File Context Analysis Input Block_1.Extract Input Params.JsonResult| \\\"data.file_path\\\"]\"\n    }\n  ],\n  \"type\": 0,\n  \"widgetDefinitionScope\": 2\n}","GridColumns":2,"ActionWidgetTemplateIdentifier":null,"StepIdentifier":null,"StepIntegration":null,"BlockStepIdentifier":null,"BlockStepInstanceName":null,"PresentIfEmpty":false,"ConditionsGroup":{"Conditions":[],"LogicalOperator":0},"IntegrationName":""},{"Title":"Sonar File Context","Description":"","Identifier":"d77693cd-b245-4581-9132-ee910e0c7eca","Order":2,"TemplateIdentifier":"3c360a07-ba14-4cac-8eb3-289dc8df853e","Type":2,"DataDefinitionJson":"{\n  \"dataSource\": \"[List Sonar File Contexts.JsonResult]\",\n  \"jsonSample\": null,\n  \"type\": 2,\n  \"widgetDefinitionScope\": 2\n}","GridColumns":1,"ActionWidgetTemplateIdentifier":null,"StepIdentifier":null,"StepIntegration":null,"BlockStepIdentifier":null,"BlockStepInstanceName":null,"PresentIfEmpty":false,"ConditionsGroup":{"Conditions":[],"LogicalOperator":0},"IntegrationName":""}]},"Roles":["Administrator"]}],"WidgetTemplates":[{"Title":"Rubrik File Context Analysis Overview","Description":"","Identifier":"7c395385-bb61-4001-8e36-4b5b08f9c897","Order":1,"TemplateIdentifier":"3c360a07-ba14-4cac-8eb3-289dc8df853e","Type":0,"DataDefinitionJson":"{\n  \"keyValue\": [\n    {\n      \"key\": \"Object Name\",\n      \"value\": \"[Rubrik File Context Analysis Input Block_1.Extract Input Params.JsonResult|\\\"data.object_name\\\"]\"\n    },\n    {\n      \"key\": \"Snapshot ID\",\n      \"value\": \"[Get Sonar Sensitive Hits.JsonResult| \\\"data.policyObj.snapshotFid\\\"]\"\n    },\n    {\n      \"key\": \"File Name\",\n      \"value\": \"[Rubrik File Context Analysis Input Block_1.Extract Input Params.JsonResult| \\\"data.file_name\\\"]\"\n    },\n    {\n      \"key\": \"File Path\",\n      \"value\": \"[Rubrik File Context Analysis Input Block_1.Extract Input Params.JsonResult| \\\"data.file_path\\\"]\"\n    }\n  ],\n  \"type\": 0,\n  \"widgetDefinitionScope\": 2\n}","GridColumns":2,"ActionWidgetTemplateIdentifier":null,"StepIdentifier":null,"StepIntegration":null,"BlockStepIdentifier":null,"BlockStepInstanceName":null,"PresentIfEmpty":false,"ConditionsGroup":{"Conditions":[],"LogicalOperator":0},"IntegrationName":""},{"Title":"Sonar File Context","Description":"","Identifier":"d77693cd-b245-4581-9132-ee910e0c7eca","Order":2,"TemplateIdentifier":"3c360a07-ba14-4cac-8eb3-289dc8df853e","Type":2,"DataDefinitionJson":"{\n  \"dataSource\": \"[List Sonar File Contexts.JsonResult]\",\n  \"jsonSample\": null,\n  \"type\": 2,\n  \"widgetDefinitionScope\": 2\n}","GridColumns":1,"ActionWidgetTemplateIdentifier":null,"StepIdentifier":null,"StepIntegration":null,"BlockStepIdentifier":null,"BlockStepInstanceName":null,"PresentIfEmpty":false,"ConditionsGroup":{"Conditions":[],"LogicalOperator":0},"IntegrationName":""}],"Definition":{"Identifier":"63cd3383-c08e-4264-8db1-45b892191f37","IsEnable":true,"Version":0.0,"IsArchived":false,"IsAutomatic":true,"Name":"Rubrik File Context Analysis","Category":2,"Description":"This playbook is used to retrieve file context information from Rubrik Security Cloud, to enrich the alert with file details, policy hits, and security analysis data.","Priority":2,"Creator":"599a64ca-4b2d-4f56-b43f-e7958e154797","VersionCreator":null,"VersionComment":null,"OriginalWorkflowIdentifier":"63cd3383-c08e-4264-8db1-45b892191f37","TemplateName":null,"PlaybookType":0,"IsDebugMode":false,"DebugBaseAlertIdentifier":null,"DebugAlertIdentifier":null,"SimulationClone":false,"DefaultAccessLevel":2,"CreationSource":1,"Steps":[{"Identifier":"20755b9e-d6a5-4a5f-b230-e453f80259e5","OriginalStepIdentifier":"20755b9e-d6a5-4a5f-b230-e453f80259e5","ParentWorkflowIdentifier":"63cd3383-c08e-4264-8db1-45b892191f37","ParentStepIdentifiers":["ab3cbf25-88c3-4151-ba2d-25d0f8025d12"],"ParentStepIdentifier":"ab3cbf25-88c3-4151-ba2d-25d0f8025d12","PreviousResultCondition":"{}","InstanceName":"List Sonar File Contexts","IsAutomatic":true,"Name":"RubrikSecurityCloud_List Sonar File Contexts","IsSkippable":false,"Description":"Retrieve the context of the file, folder, or file share for the provided object and the file details.","ActionProvider":"Scripts","ActionName":"RubrikSecurityCloud_List Sonar File Contexts","Type":0,"Integration":"RubrikSecurityCloud","Parameters":[{"ParentStepIdentifier":"20755b9e-d6a5-4a5f-b230-e453f80259e5","ParentWorkflowIdentifier":"63cd3383-c08e-4264-8db1-45b892191f37","Name":"AssignedUsers","Value":null},{"ParentStepIdentifier":"20755b9e-d6a5-4a5f-b230-e453f80259e5","ParentWorkflowIdentifier":"63cd3383-c08e-4264-8db1-45b892191f37","Name":"AsyncActionTimeout","Value":"86400"},{"ParentStepIdentifier":"20755b9e-d6a5-4a5f-b230-e453f80259e5","ParentWorkflowIdentifier":"63cd3383-c08e-4264-8db1-45b892191f37","Name":"AsyncPollingInterval","Value":"3600"},{"ParentStepIdentifier":"20755b9e-d6a5-4a5f-b230-e453f80259e5","ParentWorkflowIdentifier":"63cd3383-c08e-4264-8db1-45b892191f37","Name":"DynamicInjectionInstancePlaceholder","Value":""},{"ParentStepIdentifier":"20755b9e-d6a5-4a5f-b230-e453f80259e5","ParentWorkflowIdentifier":"63cd3383-c08e-4264-8db1-45b892191f37","Name":"FallbackIntegrationInstance","Value":null},{"ParentStepIdentifier":"20755b9e-d6a5-4a5f-b230-e453f80259e5","ParentWorkflowIdentifier":"63cd3383-c08e-4264-8db1-45b892191f37","Name":"FetchInstanceByName","Value":"false"},{"ParentStepIdentifier":"20755b9e-d6a5-4a5f-b230-e453f80259e5","ParentWorkflowIdentifier":"63cd3383-c08e-4264-8db1-45b892191f37","Name":"HasApprovalLink","Value":null},{"ParentStepIdentifier":"20755b9e-d6a5-4a5f-b230-e453f80259e5","ParentWorkflowIdentifier":"63cd3383-c08e-4264-8db1-45b892191f37","Name":"IntegrationInstance","Value":"AutomaticEnvironment"},{"ParentStepIdentifier":"20755b9e-d6a5-4a5f-b230-e453f80259e5","ParentWorkflowIdentifier":"63cd3383-c08e-4264-8db1-45b892191f37","Name":"MessageToAssignee","Value":null},{"ParentStepIdentifier":"20755b9e-d6a5-4a5f-b230-e453f80259e5","ParentWorkflowIdentifier":"63cd3383-c08e-4264-8db1-45b892191f37","Name":"PendingActionTimeout","Value":null},{"ParentStepIdentifier":"20755b9e-d6a5-4a5f-b230-e453f80259e5","ParentWorkflowIdentifier":"63cd3383-c08e-4264-8db1-45b892191f37","Name":"RetryConfiguration","Value":null},{"ParentStepIdentifier":"20755b9e-d6a5-4a5f-b230-e453f80259e5","ParentWorkflowIdentifier":"63cd3383-c08e-4264-8db1-45b892191f37","Name":"ScriptName","Value":"RubrikSecurityCloud_List Sonar File Contexts"},{"ParentStepIdentifier":"20755b9e-d6a5-4a5f-b230-e453f80259e5","ParentWorkflowIdentifier":"63cd3383-c08e-4264-8db1-45b892191f37","Name":"ScriptParametersEntityFields","Value":"{\"Object ID\":\"[Get Sonar Sensitive Hits.JsonResult| \\\"data.policyObj.snappable.id\\\"]\",\"Snapshot ID\":\"[Get Sonar Sensitive Hits.JsonResult| \\\"data.policyObj.snapshotFid\\\"]\",\"File Name\":\"[Rubrik File Context Analysis Input Block_1.Extract Input Params.JsonResult| \\\"data.file_name\\\"]\",\"File Path\":\"[Rubrik File Context Analysis Input Block_1.Extract Input Params.JsonResult| \\\"data.file_path\\\"]\",\"User ID\":\"[Rubrik File Context Analysis Input Block_1.Extract Input Params.JsonResult| \\\"data.user_id\\\"]\",\"Include Whitelisted Results\":\"\",\"Limit\":\"50\",\"Next Page Token\":\"\",\"Sort By\":\"\",\"Sort Order\":\"Desc\"}"},{"ParentStepIdentifier":"20755b9e-d6a5-4a5f-b230-e453f80259e5","ParentWorkflowIdentifier":"63cd3383-c08e-4264-8db1-45b892191f37","Name":"SelectedScopeName","Value":"All entities"},{"ParentStepIdentifier":"20755b9e-d6a5-4a5f-b230-e453f80259e5","ParentWorkflowIdentifier":"63cd3383-c08e-4264-8db1-45b892191f37","Name":"UseEntitiesLoopScope","Value":null}],"AutoSkipOnFailure":true,"IsDebugMockData":false,"StepDebugData":null,"ParentStepContainerId":null,"IsTouchedByAi":false,"StartLoopStepIdentifier":null,"ParallelActions":[]},{"Identifier":"3fdd26f7-e1b4-4533-8d2f-7104a948dbc2","OriginalStepIdentifier":"3fdd26f7-e1b4-4533-8d2f-7104a948dbc2","ParentWorkflowIdentifier":"63cd3383-c08e-4264-8db1-45b892191f37","ParentStepIdentifiers":[],"ParentStepIdentifier":"","PreviousResultCondition":null,"InstanceName":"Rubrik File Context Analysis Input Block_1","IsAutomatic":false,"Name":"Rubrik File Context Analysis Input Block","IsSkippable":false,"Description":"An embedded workflow that can receive inputs and return an output for Rubrik File Context Analysis Playbook.","ActionProvider":"Flow","ActionName":"NestedAction","Type":5,"Integration":"Siemplify","Parameters":[{"ParentStepIdentifier":"3fdd26f7-e1b4-4533-8d2f-7104a948dbc2","ParentWorkflowIdentifier":"63cd3383-c08e-4264-8db1-45b892191f37","Name":"AssignedUsers","Value":null},{"ParentStepIdentifier":"3fdd26f7-e1b4-4533-8d2f-7104a948dbc2","ParentWorkflowIdentifier":"63cd3383-c08e-4264-8db1-45b892191f37","Name":"DynamicInjectionInstancePlaceholder","Value":null},{"ParentStepIdentifier":"3fdd26f7-e1b4-4533-8d2f-7104a948dbc2","ParentWorkflowIdentifier":"63cd3383-c08e-4264-8db1-45b892191f37","Name":"FetchInstanceByName","Value":null},{"ParentStepIdentifier":"3fdd26f7-e1b4-4533-8d2f-7104a948dbc2","ParentWorkflowIdentifier":"63cd3383-c08e-4264-8db1-45b892191f37","Name":"HasApprovalLink","Value":null},{"ParentStepIdentifier":"3fdd26f7-e1b4-4533-8d2f-7104a948dbc2","ParentWorkflowIdentifier":"63cd3383-c08e-4264-8db1-45b892191f37","Name":"MessageToAssignee","Value":null},{"ParentStepIdentifier":"3fdd26f7-e1b4-4533-8d2f-7104a948dbc2","ParentWorkflowIdentifier":"63cd3383-c08e-4264-8db1-45b892191f37","Name":"NestedWorkflowIdentifier","Value":"e5f7a06b-32c2-4e65-be38-bd0361b19c4a"},{"ParentStepIdentifier":"3fdd26f7-e1b4-4533-8d2f-7104a948dbc2","ParentWorkflowIdentifier":"63cd3383-c08e-4264-8db1-45b892191f37","Name":"NestedWorkflowInputs","Value":"[{\"FieldName\":\"Object Name\",\"Value\":\"[Event.event_target_resource_name]\"},{\"FieldName\":\"File Name\",\"Value\":\"\\n\"},{\"FieldName\":\"File Path\",\"Value\":\"\\n\"},{\"FieldName\":\"User ID\",\"Value\":\"\\n\"}]"},{"ParentStepIdentifier":"3fdd26f7-e1b4-4533-8d2f-7104a948dbc2","ParentWorkflowIdentifier":"63cd3383-c08e-4264-8db1-45b892191f37","Name":"PendingActionTimeout","Value":null},{"ParentStepIdentifier":"3fdd26f7-e1b4-4533-8d2f-7104a948dbc2","ParentWorkflowIdentifier":"63cd3383-c08e-4264-8db1-45b892191f37","Name":"UseEntitiesLoopScope","Value":"true"}],"AutoSkipOnFailure":false,"IsDebugMockData":false,"StepDebugData":null,"ParentStepContainerId":null,"IsTouchedByAi":false,"StartLoopStepIdentifier":null,"ParallelActions":[]},{"Identifier":"ab3cbf25-88c3-4151-ba2d-25d0f8025d12","OriginalStepIdentifier":"ab3cbf25-88c3-4151-ba2d-25d0f8025d12","ParentWorkflowIdentifier":"63cd3383-c08e-4264-8db1-45b892191f37","ParentStepIdentifiers":["3fdd26f7-e1b4-4533-8d2f-7104a948dbc2"],"ParentStepIdentifier":"3fdd26f7-e1b4-4533-8d2f-7104a948dbc2","PreviousResultCondition":"{}","InstanceName":"Get Sonar Sensitive Hits","IsAutomatic":true,"Name":"RubrikSecurityCloud_Get Sonar Sensitive Hits","IsSkippable":false,"Description":"Find data classification hits on an object.","ActionProvider":"Scripts","ActionName":"RubrikSecurityCloud_Get Sonar Sensitive Hits","Type":0,"Integration":"RubrikSecurityCloud","Parameters":[{"ParentStepIdentifier":"ab3cbf25-88c3-4151-ba2d-25d0f8025d12","ParentWorkflowIdentifier":"63cd3383-c08e-4264-8db1-45b892191f37","Name":"AssignedUsers","Value":null},{"ParentStepIdentifier":"ab3cbf25-88c3-4151-ba2d-25d0f8025d12","ParentWorkflowIdentifier":"63cd3383-c08e-4264-8db1-45b892191f37","Name":"AsyncActionTimeout","Value":"86400"},{"ParentStepIdentifier":"ab3cbf25-88c3-4151-ba2d-25d0f8025d12","ParentWorkflowIdentifier":"63cd3383-c08e-4264-8db1-45b892191f37","Name":"AsyncPollingInterval","Value":"3600"},{"ParentStepIdentifier":"ab3cbf25-88c3-4151-ba2d-25d0f8025d12","ParentWorkflowIdentifier":"63cd3383-c08e-4264-8db1-45b892191f37","Name":"DynamicInjectionInstancePlaceholder","Value":""},{"ParentStepIdentifier":"ab3cbf25-88c3-4151-ba2d-25d0f8025d12","ParentWorkflowIdentifier":"63cd3383-c08e-4264-8db1-45b892191f37","Name":"FallbackIntegrationInstance","Value":"2d6f4cbb-8b20-4722-9f2c-8f86aa6f5cb1"},{"ParentStepIdentifier":"ab3cbf25-88c3-4151-ba2d-25d0f8025d12","ParentWorkflowIdentifier":"63cd3383-c08e-4264-8db1-45b892191f37","Name":"FetchInstanceByName","Value":"false"},{"ParentStepIdentifier":"ab3cbf25-88c3-4151-ba2d-25d0f8025d12","ParentWorkflowIdentifier":"63cd3383-c08e-4264-8db1-45b892191f37","Name":"HasApprovalLink","Value":null},{"ParentStepIdentifier":"ab3cbf25-88c3-4151-ba2d-25d0f8025d12","ParentWorkflowIdentifier":"63cd3383-c08e-4264-8db1-45b892191f37","Name":"IntegrationInstance","Value":"AutomaticEnvironment"},{"ParentStepIdentifier":"ab3cbf25-88c3-4151-ba2d-25d0f8025d12","ParentWorkflowIdentifier":"63cd3383-c08e-4264-8db1-45b892191f37","Name":"MessageToAssignee","Value":null},{"ParentStepIdentifier":"ab3cbf25-88c3-4151-ba2d-25d0f8025d12","ParentWorkflowIdentifier":"63cd3383-c08e-4264-8db1-45b892191f37","Name":"PendingActionTimeout","Value":null},{"ParentStepIdentifier":"ab3cbf25-88c3-4151-ba2d-25d0f8025d12","ParentWorkflowIdentifier":"63cd3383-c08e-4264-8db1-45b892191f37","Name":"ScriptName","Value":"RubrikSecurityCloud_Get Sonar Sensitive Hits"},{"ParentStepIdentifier":"ab3cbf25-88c3-4151-ba2d-25d0f8025d12","ParentWorkflowIdentifier":"63cd3383-c08e-4264-8db1-45b892191f37","Name":"ScriptParametersEntityFields","Value":"{\"Object Name\":\"[Rubrik File Context Analysis Input Block_1.Extract Input Params.JsonResult|\\\"data.object_name\\\"]\",\"Lookback Days\":\"0\"}"},{"ParentStepIdentifier":"ab3cbf25-88c3-4151-ba2d-25d0f8025d12","ParentWorkflowIdentifier":"63cd3383-c08e-4264-8db1-45b892191f37","Name":"SelectedScopeName","Value":"All entities"},{"ParentStepIdentifier":"ab3cbf25-88c3-4151-ba2d-25d0f8025d12","ParentWorkflowIdentifier":"63cd3383-c08e-4264-8db1-45b892191f37","Name":"UseEntitiesLoopScope","Value":null}],"AutoSkipOnFailure":false,"IsDebugMockData":false,"StepDebugData":{"CreationTimeUnixTimeInMs":0,"ModificationTimeUnixTimeInMs":0,"OriginalWorkflowIdentifier":"63cd3383-c08e-4264-8db1-45b892191f37","OriginalStepIdentifier":"ab3cbf25-88c3-4151-ba2d-25d0f8025d12","ResultValue":"","ResultJson":"","ScopeEntitiesEnrichmentData":[],"ScopeEntitiesEnrichmentDataJson":"[]"},"ParentStepContainerId":null,"IsTouchedByAi":false,"StartLoopStepIdentifier":null,"ParallelActions":[]}],"Triggers":[{"Identifier":"e1f02ff4-27a8-49d1-afea-552f04786ff5","IsEnabled":true,"DefinitionIdentifier":"63cd3383-c08e-4264-8db1-45b892191f37","Type":3,"WorkflowName":null,"LogicalOperator":0,"Conditions":[{"FieldName":"","MatchType":0,"Value":"RubrikSecurityCloud","CustomOperatorName":null}],"Environments":["*"]}],"OverviewTemplates":[{"Identifier":"3c360a07-ba14-4cac-8eb3-289dc8df853e","Name":"FileContext Analysis","Creator":null,"PlaybookDefinitionIdentifier":"63cd3383-c08e-4264-8db1-45b892191f37","Type":0,"AlertRuleType":null,"Roles":[],"Widgets":[{"Title":"Rubrik File Context Analysis Overview","Description":"","Identifier":"7c395385-bb61-4001-8e36-4b5b08f9c897","Order":1,"TemplateIdentifier":"3c360a07-ba14-4cac-8eb3-289dc8df853e","Type":0,"DataDefinitionJson":"{\n  \"keyValue\": [\n    {\n      \"key\": \"Object Name\",\n      \"value\": \"[Rubrik File Context Analysis Input Block_1.Extract Input Params.JsonResult|\\\"data.object_name\\\"]\"\n    },\n    {\n      \"key\": \"Snapshot ID\",\n      \"value\": \"[Get Sonar Sensitive Hits.JsonResult| \\\"data.policyObj.snapshotFid\\\"]\"\n    },\n    {\n      \"key\": \"File Name\",\n      \"value\": \"[Rubrik File Context Analysis Input Block_1.Extract Input Params.JsonResult| \\\"data.file_name\\\"]\"\n    },\n    {\n      \"key\": \"File Path\",\n      \"value\": \"[Rubrik File Context Analysis Input Block_1.Extract Input Params.JsonResult| \\\"data.file_path\\\"]\"\n    }\n  ],\n  \"type\": 0,\n  \"widgetDefinitionScope\": 2\n}","GridColumns":2,"ActionWidgetTemplateIdentifier":null,"StepIdentifier":null,"StepIntegration":null,"BlockStepIdentifier":null,"BlockStepInstanceName":null,"PresentIfEmpty":false,"ConditionsGroup":{"Conditions":[],"LogicalOperator":0},"IntegrationName":""},{"Title":"Sonar File Context","Description":"","Identifier":"d77693cd-b245-4581-9132-ee910e0c7eca","Order":2,"TemplateIdentifier":"3c360a07-ba14-4cac-8eb3-289dc8df853e","Type":2,"DataDefinitionJson":"{\n  \"dataSource\": \"[List Sonar File Contexts.JsonResult]\",\n  \"jsonSample\": null,\n  \"type\": 2,\n  \"widgetDefinitionScope\": 2\n}","GridColumns":1,"ActionWidgetTemplateIdentifier":null,"StepIdentifier":null,"StepIntegration":null,"BlockStepIdentifier":null,"BlockStepInstanceName":null,"PresentIfEmpty":false,"ConditionsGroup":{"Conditions":[],"LogicalOperator":0},"IntegrationName":""}]}],"Permissions":[],"Environments":["*"]}}