{"CategoryName":"Imported Playbooks","OverviewTemplatesDetails":[{"OverviewTemplate":{"Identifier":"4c66ccdd-6c8d-43f4-ae77-ed0e40a7d1c1","Name":"Anomaly Analysis","Creator":null,"PlaybookDefinitionIdentifier":"2bb2db73-d956-4425-ab6f-4c8ddc75955d","Type":0,"AlertRuleType":null,"Roles":[],"Widgets":[{"Title":"Rubrik Anomaly Analysis Overview","Description":"","Identifier":"96680c7b-8ff1-472e-b4bb-d41c93bf2771","Order":1,"TemplateIdentifier":"4c66ccdd-6c8d-43f4-ae77-ed0e40a7d1c1","Type":0,"DataDefinitionJson":"{\n  \"keyValue\": [\n    {\n      \"key\": \"Object Name\",\n      \"value\": \"[Rubrik Anomaly Analysis Input.Extract Input Params.JsonResult| \\\"data.object_name\\\"]\"\n    },\n    {\n      \"key\": \"Cluster ID\",\n      \"value\": \"[Rubrik Anomaly Analysis Input.Extract Input Params.JsonResult| \\\"data.cluster_id\\\"]\"\n    },\n    {\n      \"key\": \"Sonar Sensitive HITS\",\n      \"value\": \"[Rubrik Sensitive Data Information Block.Get Sonar Sensitive Hits.JsonResult| \\\"data.policyObj.rootFileResult.hits.totalHits\\\"]\"\n    },\n    {\n      \"key\": \"Location\",\n      \"value\": \"[Rubrik Sensitive Data Information Block.Get CDM Cluster Location.JsonResult| \\\"data.clusterConnection.nodes.geoLocation.address\\\"]\"\n    },\n    {\n      \"key\": \"Connection State\",\n      \"value\": \"[Rubrik Sensitive Data Information Block.Get CDM Cluster Connection State.JsonResult| \\\"data.clusterConnection.nodes.state.connectedState\\\"]\"\n    }\n  ],\n  \"type\": 0,\n  \"widgetDefinitionScope\": 2\n}","GridColumns":2,"ActionWidgetTemplateIdentifier":null,"StepIdentifier":null,"StepIntegration":null,"BlockStepIdentifier":null,"BlockStepInstanceName":null,"PresentIfEmpty":false,"ConditionsGroup":{"Conditions":[],"LogicalOperator":0},"IntegrationName":""},{"Title":"Anomaly Analysis","Description":"Anomaly Analysis for the given Object.","Identifier":"d9668f43-61bb-4888-a66a-fcb14bf4e3a7","Order":2,"TemplateIdentifier":"4c66ccdd-6c8d-43f4-ae77-ed0e40a7d1c1","Type":2,"DataDefinitionJson":"{\n  \"dataSource\": \"[List Events.JsonResult]\",\n  \"jsonSample\": null,\n  \"type\": 2,\n  \"widgetDefinitionScope\": 2\n}","GridColumns":1,"ActionWidgetTemplateIdentifier":null,"StepIdentifier":null,"StepIntegration":null,"BlockStepIdentifier":null,"BlockStepInstanceName":null,"PresentIfEmpty":false,"ConditionsGroup":{"Conditions":[],"LogicalOperator":0},"IntegrationName":""},{"Title":"Sonar Sensitive HITS","Description":"","Identifier":"a3cb483a-f0f7-4432-acb0-40f3682708cf","Order":3,"TemplateIdentifier":"4c66ccdd-6c8d-43f4-ae77-ed0e40a7d1c1","Type":2,"DataDefinitionJson":"{\n  \"dataSource\": \"[Rubrik Sensitive Data Information Block.Get Sonar Sensitive Hits.JsonResult]\",\n  \"jsonSample\": null,\n  \"type\": 2,\n  \"widgetDefinitionScope\": 2\n}","GridColumns":1,"ActionWidgetTemplateIdentifier":null,"StepIdentifier":null,"StepIntegration":null,"BlockStepIdentifier":null,"BlockStepInstanceName":null,"PresentIfEmpty":false,"ConditionsGroup":{"Conditions":[],"LogicalOperator":0},"IntegrationName":""},{"Title":"Cluster Location","Description":"","Identifier":"5cce06ed-bdb6-4de3-9cd8-cfb751db1995","Order":4,"TemplateIdentifier":"4c66ccdd-6c8d-43f4-ae77-ed0e40a7d1c1","Type":2,"DataDefinitionJson":"{\n  \"dataSource\": \"[Rubrik Sensitive Data Information Block.Get CDM Cluster Location.JsonResult]\",\n  \"jsonSample\": null,\n  \"type\": 2,\n  \"widgetDefinitionScope\": 2\n}","GridColumns":1,"ActionWidgetTemplateIdentifier":null,"StepIdentifier":null,"StepIntegration":null,"BlockStepIdentifier":null,"BlockStepInstanceName":null,"PresentIfEmpty":false,"ConditionsGroup":{"Conditions":[],"LogicalOperator":0},"IntegrationName":""},{"Title":"Cluster Connection State","Description":"","Identifier":"6539fc7a-08fc-4d67-b177-506e700b7fa5","Order":5,"TemplateIdentifier":"4c66ccdd-6c8d-43f4-ae77-ed0e40a7d1c1","Type":2,"DataDefinitionJson":"{\n  \"dataSource\": \"[Rubrik Sensitive Data Information Block.Get CDM Cluster Connection State.JsonResult]\",\n  \"jsonSample\": null,\n  \"type\": 2,\n  \"widgetDefinitionScope\": 2\n}","GridColumns":1,"ActionWidgetTemplateIdentifier":null,"StepIdentifier":null,"StepIntegration":null,"BlockStepIdentifier":null,"BlockStepInstanceName":null,"PresentIfEmpty":false,"ConditionsGroup":{"Conditions":[],"LogicalOperator":0},"IntegrationName":""}]},"Roles":["Administrator"]}],"WidgetTemplates":[{"Title":"Rubrik Anomaly Analysis Overview","Description":"","Identifier":"96680c7b-8ff1-472e-b4bb-d41c93bf2771","Order":1,"TemplateIdentifier":"4c66ccdd-6c8d-43f4-ae77-ed0e40a7d1c1","Type":0,"DataDefinitionJson":"{\n  \"keyValue\": [\n    {\n      \"key\": \"Object Name\",\n      \"value\": \"[Rubrik Anomaly Analysis Input.Extract Input Params.JsonResult| \\\"data.object_name\\\"]\"\n    },\n    {\n      \"key\": \"Cluster ID\",\n      \"value\": \"[Rubrik Anomaly Analysis Input.Extract Input Params.JsonResult| \\\"data.cluster_id\\\"]\"\n    },\n    {\n      \"key\": \"Sonar Sensitive HITS\",\n      \"value\": \"[Rubrik Sensitive Data Information Block.Get Sonar Sensitive Hits.JsonResult| \\\"data.policyObj.rootFileResult.hits.totalHits\\\"]\"\n    },\n    {\n      \"key\": \"Location\",\n      \"value\": \"[Rubrik Sensitive Data Information Block.Get CDM Cluster Location.JsonResult| \\\"data.clusterConnection.nodes.geoLocation.address\\\"]\"\n    },\n    {\n      \"key\": \"Connection State\",\n      \"value\": \"[Rubrik Sensitive Data Information Block.Get CDM Cluster Connection State.JsonResult| \\\"data.clusterConnection.nodes.state.connectedState\\\"]\"\n    }\n  ],\n  \"type\": 0,\n  \"widgetDefinitionScope\": 2\n}","GridColumns":2,"ActionWidgetTemplateIdentifier":null,"StepIdentifier":null,"StepIntegration":null,"BlockStepIdentifier":null,"BlockStepInstanceName":null,"PresentIfEmpty":false,"ConditionsGroup":{"Conditions":[],"LogicalOperator":0},"IntegrationName":""},{"Title":"Anomaly Analysis","Description":"Anomaly Analysis for the given Object.","Identifier":"d9668f43-61bb-4888-a66a-fcb14bf4e3a7","Order":2,"TemplateIdentifier":"4c66ccdd-6c8d-43f4-ae77-ed0e40a7d1c1","Type":2,"DataDefinitionJson":"{\n  \"dataSource\": \"[List Events.JsonResult]\",\n  \"jsonSample\": null,\n  \"type\": 2,\n  \"widgetDefinitionScope\": 2\n}","GridColumns":1,"ActionWidgetTemplateIdentifier":null,"StepIdentifier":null,"StepIntegration":null,"BlockStepIdentifier":null,"BlockStepInstanceName":null,"PresentIfEmpty":false,"ConditionsGroup":{"Conditions":[],"LogicalOperator":0},"IntegrationName":""},{"Title":"Sonar Sensitive HITS","Description":"","Identifier":"a3cb483a-f0f7-4432-acb0-40f3682708cf","Order":3,"TemplateIdentifier":"4c66ccdd-6c8d-43f4-ae77-ed0e40a7d1c1","Type":2,"DataDefinitionJson":"{\n  \"dataSource\": \"[Rubrik Sensitive Data Information Block.Get Sonar Sensitive Hits.JsonResult]\",\n  \"jsonSample\": null,\n  \"type\": 2,\n  \"widgetDefinitionScope\": 2\n}","GridColumns":1,"ActionWidgetTemplateIdentifier":null,"StepIdentifier":null,"StepIntegration":null,"BlockStepIdentifier":null,"BlockStepInstanceName":null,"PresentIfEmpty":false,"ConditionsGroup":{"Conditions":[],"LogicalOperator":0},"IntegrationName":""},{"Title":"Cluster Location","Description":"","Identifier":"5cce06ed-bdb6-4de3-9cd8-cfb751db1995","Order":4,"TemplateIdentifier":"4c66ccdd-6c8d-43f4-ae77-ed0e40a7d1c1","Type":2,"DataDefinitionJson":"{\n  \"dataSource\": \"[Rubrik Sensitive Data Information Block.Get CDM Cluster Location.JsonResult]\",\n  \"jsonSample\": null,\n  \"type\": 2,\n  \"widgetDefinitionScope\": 2\n}","GridColumns":1,"ActionWidgetTemplateIdentifier":null,"StepIdentifier":null,"StepIntegration":null,"BlockStepIdentifier":null,"BlockStepInstanceName":null,"PresentIfEmpty":false,"ConditionsGroup":{"Conditions":[],"LogicalOperator":0},"IntegrationName":""},{"Title":"Cluster Connection State","Description":"","Identifier":"6539fc7a-08fc-4d67-b177-506e700b7fa5","Order":5,"TemplateIdentifier":"4c66ccdd-6c8d-43f4-ae77-ed0e40a7d1c1","Type":2,"DataDefinitionJson":"{\n  \"dataSource\": \"[Rubrik Sensitive Data Information Block.Get CDM Cluster Connection State.JsonResult]\",\n  \"jsonSample\": null,\n  \"type\": 2,\n  \"widgetDefinitionScope\": 2\n}","GridColumns":1,"ActionWidgetTemplateIdentifier":null,"StepIdentifier":null,"StepIntegration":null,"BlockStepIdentifier":null,"BlockStepInstanceName":null,"PresentIfEmpty":false,"ConditionsGroup":{"Conditions":[],"LogicalOperator":0},"IntegrationName":""}],"Definition":{"Identifier":"2bb2db73-d956-4425-ab6f-4c8ddc75955d","IsEnable":true,"Version":0.0,"IsArchived":false,"IsAutomatic":true,"Name":"Rubrik Anomaly Analysis","Category":2,"Description":"This playbook automatically retrieves anomaly events, sensitive data scan results, and associated cluster information from Rubrik Security Cloud for a specified object.","Priority":2,"Creator":"599a64ca-4b2d-4f56-b43f-e7958e154797","VersionCreator":null,"VersionComment":null,"OriginalWorkflowIdentifier":"2bb2db73-d956-4425-ab6f-4c8ddc75955d","TemplateName":null,"PlaybookType":0,"IsDebugMode":false,"DebugBaseAlertIdentifier":null,"DebugAlertIdentifier":null,"SimulationClone":false,"DefaultAccessLevel":2,"CreationSource":1,"Steps":[{"Identifier":"0aed6083-0510-4312-a800-c4c7e85ce442","OriginalStepIdentifier":"0aed6083-0510-4312-a800-c4c7e85ce442","ParentWorkflowIdentifier":"2bb2db73-d956-4425-ab6f-4c8ddc75955d","ParentStepIdentifiers":[],"ParentStepIdentifier":"","PreviousResultCondition":null,"InstanceName":"Rubrik Anomaly Analysis Input","IsAutomatic":false,"Name":"Rubrik Anomaly Analysis Input Block","IsSkippable":false,"Description":"An embedded workflow that can receive inputs and return an output for Rubrik Anomaly Analysis Playbook.","ActionProvider":"Flow","ActionName":"NestedAction","Type":5,"Integration":"Siemplify","Parameters":[{"ParentStepIdentifier":"0aed6083-0510-4312-a800-c4c7e85ce442","ParentWorkflowIdentifier":"2bb2db73-d956-4425-ab6f-4c8ddc75955d","Name":"AssignedUsers","Value":null},{"ParentStepIdentifier":"0aed6083-0510-4312-a800-c4c7e85ce442","ParentWorkflowIdentifier":"2bb2db73-d956-4425-ab6f-4c8ddc75955d","Name":"DynamicInjectionInstancePlaceholder","Value":null},{"ParentStepIdentifier":"0aed6083-0510-4312-a800-c4c7e85ce442","ParentWorkflowIdentifier":"2bb2db73-d956-4425-ab6f-4c8ddc75955d","Name":"FetchInstanceByName","Value":null},{"ParentStepIdentifier":"0aed6083-0510-4312-a800-c4c7e85ce442","ParentWorkflowIdentifier":"2bb2db73-d956-4425-ab6f-4c8ddc75955d","Name":"HasApprovalLink","Value":null},{"ParentStepIdentifier":"0aed6083-0510-4312-a800-c4c7e85ce442","ParentWorkflowIdentifier":"2bb2db73-d956-4425-ab6f-4c8ddc75955d","Name":"MessageToAssignee","Value":null},{"ParentStepIdentifier":"0aed6083-0510-4312-a800-c4c7e85ce442","ParentWorkflowIdentifier":"2bb2db73-d956-4425-ab6f-4c8ddc75955d","Name":"NestedWorkflowIdentifier","Value":"43334637-f3bd-407d-8f64-852680efe680"},{"ParentStepIdentifier":"0aed6083-0510-4312-a800-c4c7e85ce442","ParentWorkflowIdentifier":"2bb2db73-d956-4425-ab6f-4c8ddc75955d","Name":"NestedWorkflowInputs","Value":"[{\"FieldName\":\"Object Name\",\"Value\":\"[Event.event_target_resource_name]\"},{\"FieldName\":\"Cluster ID\",\"Value\":\"[Event.event_principal_resource_productObjectId]\"}]"},{"ParentStepIdentifier":"0aed6083-0510-4312-a800-c4c7e85ce442","ParentWorkflowIdentifier":"2bb2db73-d956-4425-ab6f-4c8ddc75955d","Name":"PendingActionTimeout","Value":null},{"ParentStepIdentifier":"0aed6083-0510-4312-a800-c4c7e85ce442","ParentWorkflowIdentifier":"2bb2db73-d956-4425-ab6f-4c8ddc75955d","Name":"UseEntitiesLoopScope","Value":"true"}],"AutoSkipOnFailure":false,"IsDebugMockData":false,"StepDebugData":null,"ParentStepContainerId":null,"IsTouchedByAi":false,"StartLoopStepIdentifier":null,"ParallelActions":[]},{"Identifier":"a4951ac1-01a9-4f7c-ad77-1bd4ce85ed57","OriginalStepIdentifier":"a4951ac1-01a9-4f7c-ad77-1bd4ce85ed57","ParentWorkflowIdentifier":"2bb2db73-d956-4425-ab6f-4c8ddc75955d","ParentStepIdentifiers":["0aed6083-0510-4312-a800-c4c7e85ce442"],"ParentStepIdentifier":"0aed6083-0510-4312-a800-c4c7e85ce442","PreviousResultCondition":"{}","InstanceName":"List Events","IsAutomatic":true,"Name":"RubrikSecurityCloud_List Events","IsSkippable":false,"Description":"The goal of this action is to retrieve the list of events.","ActionProvider":"Scripts","ActionName":"RubrikSecurityCloud_List Events","Type":0,"Integration":"RubrikSecurityCloud","Parameters":[{"ParentStepIdentifier":"a4951ac1-01a9-4f7c-ad77-1bd4ce85ed57","ParentWorkflowIdentifier":"2bb2db73-d956-4425-ab6f-4c8ddc75955d","Name":"AssignedUsers","Value":null},{"ParentStepIdentifier":"a4951ac1-01a9-4f7c-ad77-1bd4ce85ed57","ParentWorkflowIdentifier":"2bb2db73-d956-4425-ab6f-4c8ddc75955d","Name":"AsyncActionTimeout","Value":"86400"},{"ParentStepIdentifier":"a4951ac1-01a9-4f7c-ad77-1bd4ce85ed57","ParentWorkflowIdentifier":"2bb2db73-d956-4425-ab6f-4c8ddc75955d","Name":"AsyncPollingInterval","Value":"3600"},{"ParentStepIdentifier":"a4951ac1-01a9-4f7c-ad77-1bd4ce85ed57","ParentWorkflowIdentifier":"2bb2db73-d956-4425-ab6f-4c8ddc75955d","Name":"DynamicInjectionInstancePlaceholder","Value":""},{"ParentStepIdentifier":"a4951ac1-01a9-4f7c-ad77-1bd4ce85ed57","ParentWorkflowIdentifier":"2bb2db73-d956-4425-ab6f-4c8ddc75955d","Name":"FallbackIntegrationInstance","Value":"2d6f4cbb-8b20-4722-9f2c-8f86aa6f5cb1"},{"ParentStepIdentifier":"a4951ac1-01a9-4f7c-ad77-1bd4ce85ed57","ParentWorkflowIdentifier":"2bb2db73-d956-4425-ab6f-4c8ddc75955d","Name":"FetchInstanceByName","Value":"false"},{"ParentStepIdentifier":"a4951ac1-01a9-4f7c-ad77-1bd4ce85ed57","ParentWorkflowIdentifier":"2bb2db73-d956-4425-ab6f-4c8ddc75955d","Name":"HasApprovalLink","Value":null},{"ParentStepIdentifier":"a4951ac1-01a9-4f7c-ad77-1bd4ce85ed57","ParentWorkflowIdentifier":"2bb2db73-d956-4425-ab6f-4c8ddc75955d","Name":"IntegrationInstance","Value":"AutomaticEnvironment"},{"ParentStepIdentifier":"a4951ac1-01a9-4f7c-ad77-1bd4ce85ed57","ParentWorkflowIdentifier":"2bb2db73-d956-4425-ab6f-4c8ddc75955d","Name":"MessageToAssignee","Value":null},{"ParentStepIdentifier":"a4951ac1-01a9-4f7c-ad77-1bd4ce85ed57","ParentWorkflowIdentifier":"2bb2db73-d956-4425-ab6f-4c8ddc75955d","Name":"PendingActionTimeout","Value":null},{"ParentStepIdentifier":"a4951ac1-01a9-4f7c-ad77-1bd4ce85ed57","ParentWorkflowIdentifier":"2bb2db73-d956-4425-ab6f-4c8ddc75955d","Name":"RetryConfiguration","Value":"{\"Enabled\":false,\"IntervalInSeconds\":30,\"NumberOfRetries\":1}"},{"ParentStepIdentifier":"a4951ac1-01a9-4f7c-ad77-1bd4ce85ed57","ParentWorkflowIdentifier":"2bb2db73-d956-4425-ab6f-4c8ddc75955d","Name":"ScriptName","Value":"RubrikSecurityCloud_List Events"},{"ParentStepIdentifier":"a4951ac1-01a9-4f7c-ad77-1bd4ce85ed57","ParentWorkflowIdentifier":"2bb2db73-d956-4425-ab6f-4c8ddc75955d","Name":"ScriptParametersEntityFields","Value":"{\"Sort By\":\"\",\"Sort Order\":\"Desc\",\"Limit\":\"1\",\"Next Page Token\":\"\",\"Activity Status\":\"SUCCESS\",\"Activity Type\":\"ANOMALY\",\"Severity\":\"\",\"Object Name\":\"[Rubrik Anomaly Analysis Input.Extract Input Params.JsonResult| \\\"data.object_name\\\"]\",\"Object Type\":\"\",\"Cluster ID\":\"[Rubrik Anomaly Analysis Input.Extract Input Params.JsonResult| \\\"data.cluster_id\\\"]\",\"Start Date\":\"\",\"End Date\":\"\"}"},{"ParentStepIdentifier":"a4951ac1-01a9-4f7c-ad77-1bd4ce85ed57","ParentWorkflowIdentifier":"2bb2db73-d956-4425-ab6f-4c8ddc75955d","Name":"SelectedScopeName","Value":"All entities"},{"ParentStepIdentifier":"a4951ac1-01a9-4f7c-ad77-1bd4ce85ed57","ParentWorkflowIdentifier":"2bb2db73-d956-4425-ab6f-4c8ddc75955d","Name":"UseEntitiesLoopScope","Value":null}],"AutoSkipOnFailure":false,"IsDebugMockData":false,"StepDebugData":null,"ParentStepContainerId":null,"IsTouchedByAi":false,"StartLoopStepIdentifier":null,"ParallelActions":[]},{"Identifier":"e86050fb-3346-435e-9cb9-cc310eef7cee","OriginalStepIdentifier":"e86050fb-3346-435e-9cb9-cc310eef7cee","ParentWorkflowIdentifier":"2bb2db73-d956-4425-ab6f-4c8ddc75955d","ParentStepIdentifiers":["a4951ac1-01a9-4f7c-ad77-1bd4ce85ed57"],"ParentStepIdentifier":"a4951ac1-01a9-4f7c-ad77-1bd4ce85ed57","PreviousResultCondition":"{}","InstanceName":"Rubrik Sensitive Data Information Block","IsAutomatic":true,"Name":"Rubrik Sensitive Data Information Block","IsSkippable":false,"Description":"This block enriches the ransomware analysis context by retrieving sensitive data hits and detailed Rubrik CDM cluster information—including location and connection state for the specified object.","ActionProvider":"Flow","ActionName":"NestedAction","Type":5,"Integration":"Siemplify","Parameters":[{"ParentStepIdentifier":"e86050fb-3346-435e-9cb9-cc310eef7cee","ParentWorkflowIdentifier":"2bb2db73-d956-4425-ab6f-4c8ddc75955d","Name":"AssignedUsers","Value":null},{"ParentStepIdentifier":"e86050fb-3346-435e-9cb9-cc310eef7cee","ParentWorkflowIdentifier":"2bb2db73-d956-4425-ab6f-4c8ddc75955d","Name":"DynamicInjectionInstancePlaceholder","Value":null},{"ParentStepIdentifier":"e86050fb-3346-435e-9cb9-cc310eef7cee","ParentWorkflowIdentifier":"2bb2db73-d956-4425-ab6f-4c8ddc75955d","Name":"FetchInstanceByName","Value":null},{"ParentStepIdentifier":"e86050fb-3346-435e-9cb9-cc310eef7cee","ParentWorkflowIdentifier":"2bb2db73-d956-4425-ab6f-4c8ddc75955d","Name":"HasApprovalLink","Value":null},{"ParentStepIdentifier":"e86050fb-3346-435e-9cb9-cc310eef7cee","ParentWorkflowIdentifier":"2bb2db73-d956-4425-ab6f-4c8ddc75955d","Name":"MessageToAssignee","Value":null},{"ParentStepIdentifier":"e86050fb-3346-435e-9cb9-cc310eef7cee","ParentWorkflowIdentifier":"2bb2db73-d956-4425-ab6f-4c8ddc75955d","Name":"NestedWorkflowIdentifier","Value":"fe21d65e-9516-4b23-86ab-ac15c10acfe1"},{"ParentStepIdentifier":"e86050fb-3346-435e-9cb9-cc310eef7cee","ParentWorkflowIdentifier":"2bb2db73-d956-4425-ab6f-4c8ddc75955d","Name":"NestedWorkflowInputs","Value":"[{\"FieldName\":\"Object Name\",\"Value\":\"[Rubrik Anomaly Analysis Input.Extract Input Params.JsonResult| \\\"data.object_name\\\"]\"},{\"FieldName\":\"Cluster ID\",\"Value\":\"[Rubrik Anomaly Analysis Input.Extract Input Params.JsonResult| \\\"data.cluster_id\\\"]\"}]"},{"ParentStepIdentifier":"e86050fb-3346-435e-9cb9-cc310eef7cee","ParentWorkflowIdentifier":"2bb2db73-d956-4425-ab6f-4c8ddc75955d","Name":"PendingActionTimeout","Value":null},{"ParentStepIdentifier":"e86050fb-3346-435e-9cb9-cc310eef7cee","ParentWorkflowIdentifier":"2bb2db73-d956-4425-ab6f-4c8ddc75955d","Name":"UseEntitiesLoopScope","Value":"true"}],"AutoSkipOnFailure":true,"IsDebugMockData":false,"StepDebugData":null,"ParentStepContainerId":null,"IsTouchedByAi":false,"StartLoopStepIdentifier":null,"ParallelActions":[]}],"Triggers":[{"Identifier":"7b26de2a-16ca-4b74-b3f2-1fde24d9aeb3","IsEnabled":true,"DefinitionIdentifier":"2bb2db73-d956-4425-ab6f-4c8ddc75955d","Type":3,"WorkflowName":null,"LogicalOperator":0,"Conditions":[{"FieldName":"","MatchType":0,"Value":"RubrikSecurityCloud","CustomOperatorName":null}],"Environments":["*"]}],"OverviewTemplates":[{"Identifier":"4c66ccdd-6c8d-43f4-ae77-ed0e40a7d1c1","Name":"Anomaly Analysis","Creator":null,"PlaybookDefinitionIdentifier":"2bb2db73-d956-4425-ab6f-4c8ddc75955d","Type":0,"AlertRuleType":null,"Roles":[],"Widgets":[{"Title":"Rubrik Anomaly Analysis Overview","Description":"","Identifier":"96680c7b-8ff1-472e-b4bb-d41c93bf2771","Order":1,"TemplateIdentifier":"4c66ccdd-6c8d-43f4-ae77-ed0e40a7d1c1","Type":0,"DataDefinitionJson":"{\n  \"keyValue\": [\n    {\n      \"key\": \"Object Name\",\n      \"value\": \"[Rubrik Anomaly Analysis Input.Extract Input Params.JsonResult| \\\"data.object_name\\\"]\"\n    },\n    {\n      \"key\": \"Cluster ID\",\n      \"value\": \"[Rubrik Anomaly Analysis Input.Extract Input Params.JsonResult| \\\"data.cluster_id\\\"]\"\n    },\n    {\n      \"key\": \"Sonar Sensitive HITS\",\n      \"value\": \"[Rubrik Sensitive Data Information Block.Get Sonar Sensitive Hits.JsonResult| \\\"data.policyObj.rootFileResult.hits.totalHits\\\"]\"\n    },\n    {\n      \"key\": \"Location\",\n      \"value\": \"[Rubrik Sensitive Data Information Block.Get CDM Cluster Location.JsonResult| \\\"data.clusterConnection.nodes.geoLocation.address\\\"]\"\n    },\n    {\n      \"key\": \"Connection State\",\n      \"value\": \"[Rubrik Sensitive Data Information Block.Get CDM Cluster Connection State.JsonResult| \\\"data.clusterConnection.nodes.state.connectedState\\\"]\"\n    }\n  ],\n  \"type\": 0,\n  \"widgetDefinitionScope\": 2\n}","GridColumns":2,"ActionWidgetTemplateIdentifier":null,"StepIdentifier":null,"StepIntegration":null,"BlockStepIdentifier":null,"BlockStepInstanceName":null,"PresentIfEmpty":false,"ConditionsGroup":{"Conditions":[],"LogicalOperator":0},"IntegrationName":""},{"Title":"Anomaly Analysis","Description":"Anomaly Analysis for the given Object.","Identifier":"d9668f43-61bb-4888-a66a-fcb14bf4e3a7","Order":2,"TemplateIdentifier":"4c66ccdd-6c8d-43f4-ae77-ed0e40a7d1c1","Type":2,"DataDefinitionJson":"{\n  \"dataSource\": \"[List Events.JsonResult]\",\n  \"jsonSample\": null,\n  \"type\": 2,\n  \"widgetDefinitionScope\": 2\n}","GridColumns":1,"ActionWidgetTemplateIdentifier":null,"StepIdentifier":null,"StepIntegration":null,"BlockStepIdentifier":null,"BlockStepInstanceName":null,"PresentIfEmpty":false,"ConditionsGroup":{"Conditions":[],"LogicalOperator":0},"IntegrationName":""},{"Title":"Sonar Sensitive HITS","Description":"","Identifier":"a3cb483a-f0f7-4432-acb0-40f3682708cf","Order":3,"TemplateIdentifier":"4c66ccdd-6c8d-43f4-ae77-ed0e40a7d1c1","Type":2,"DataDefinitionJson":"{\n  \"dataSource\": \"[Rubrik Sensitive Data Information Block.Get Sonar Sensitive Hits.JsonResult]\",\n  \"jsonSample\": null,\n  \"type\": 2,\n  \"widgetDefinitionScope\": 2\n}","GridColumns":1,"ActionWidgetTemplateIdentifier":null,"StepIdentifier":null,"StepIntegration":null,"BlockStepIdentifier":null,"BlockStepInstanceName":null,"PresentIfEmpty":false,"ConditionsGroup":{"Conditions":[],"LogicalOperator":0},"IntegrationName":""},{"Title":"Cluster Location","Description":"","Identifier":"5cce06ed-bdb6-4de3-9cd8-cfb751db1995","Order":4,"TemplateIdentifier":"4c66ccdd-6c8d-43f4-ae77-ed0e40a7d1c1","Type":2,"DataDefinitionJson":"{\n  \"dataSource\": \"[Rubrik Sensitive Data Information Block.Get CDM Cluster Location.JsonResult]\",\n  \"jsonSample\": null,\n  \"type\": 2,\n  \"widgetDefinitionScope\": 2\n}","GridColumns":1,"ActionWidgetTemplateIdentifier":null,"StepIdentifier":null,"StepIntegration":null,"BlockStepIdentifier":null,"BlockStepInstanceName":null,"PresentIfEmpty":false,"ConditionsGroup":{"Conditions":[],"LogicalOperator":0},"IntegrationName":""},{"Title":"Cluster Connection State","Description":"","Identifier":"6539fc7a-08fc-4d67-b177-506e700b7fa5","Order":5,"TemplateIdentifier":"4c66ccdd-6c8d-43f4-ae77-ed0e40a7d1c1","Type":2,"DataDefinitionJson":"{\n  \"dataSource\": \"[Rubrik Sensitive Data Information Block.Get CDM Cluster Connection State.JsonResult]\",\n  \"jsonSample\": null,\n  \"type\": 2,\n  \"widgetDefinitionScope\": 2\n}","GridColumns":1,"ActionWidgetTemplateIdentifier":null,"StepIdentifier":null,"StepIntegration":null,"BlockStepIdentifier":null,"BlockStepInstanceName":null,"PresentIfEmpty":false,"ConditionsGroup":{"Conditions":[],"LogicalOperator":0},"IntegrationName":""}]}],"Permissions":[],"Environments":["*"]}}