{"CategoryName":"Imported Playbooks","OverviewTemplatesDetails":[{"OverviewTemplate":{"Identifier":"41ae2d5d-7888-4912-82dd-43511d9e1504","Name":"Advanced IOC Scan","Creator":null,"PlaybookDefinitionIdentifier":"06d7d0d9-91cc-4cc0-ac3a-eb756f7547c3","Type":0,"AlertRuleType":null,"Roles":[],"Widgets":[{"Title":"Advanced IOC Scan Overview","Description":"Important details extracted from the Advanced IOC Scan result.","Identifier":"2aa8dfa5-ef73-4af0-9c73-28d391da18c4","Order":1,"TemplateIdentifier":"41ae2d5d-7888-4912-82dd-43511d9e1504","Type":0,"DataDefinitionJson":"{\n  \"keyValue\": [\n    {\n      \"key\": \"Scan Start time\",\n      \"value\": \"[Get Results.JsonResult|\\\"data.threatHuntDetailV2.startTime\\\"]\"\n    },\n    {\n      \"key\": \"Scan End Time\",\n      \"value\": \"[Get Results.JsonResult|\\\"data.threatHuntDetailV2.endTime\\\"]\"\n    },\n    {\n      \"key\": \"IOC Values\",\n      \"value\": \"[Get Results.JsonResult|\\\"data.threatHuntDetailV2.baseConfig.ioc.iocList.indicatorsOfCompromise.iocValue\\\"]\"\n    },\n    {\n      \"key\": \"Scanned Objects \",\n      \"value\": \"[Get Results.JsonResult|\\\"data.threatHuntObjectMetrics.totalObjectsScanned\\\"]\"\n    },\n    {\n      \"key\": \"Affected Objects\",\n      \"value\": \"[Get Results.JsonResult|\\\"data.threatHuntObjectMetrics.totalAffectedObjects\\\"]\"\n    },\n    {\n      \"key\": \"Unique File Matches\",\n      \"value\": \"[Get Results.JsonResult|\\\"data.threatHuntDetailV2.totalUniqueFileMatches\\\"]\"\n    },\n    {\n      \"key\": \"Scanned Snapshots\",\n      \"value\": \"[Get Results.JsonResult|\\\"data.threatHuntDetailV2.totalScannedSnapshots\\\"]\"\n    },\n    {\n      \"key\": \"Matched Snapshots\",\n      \"value\": \"[Get Results.JsonResult|\\\"data.threatHuntDetailV2.totalMatchedSnapshots\\\"]\"\n    }\n  ],\n  \"type\": 0,\n  \"widgetDefinitionScope\": 2\n}","GridColumns":2,"ActionWidgetTemplateIdentifier":null,"StepIdentifier":null,"StepIntegration":null,"BlockStepIdentifier":null,"BlockStepInstanceName":null,"PresentIfEmpty":false,"ConditionsGroup":{"Conditions":[],"LogicalOperator":0},"IntegrationName":""},{"Title":"Advanced IOC Scan Result","Description":"Json result of the Advanced IOC scan.","Identifier":"57e2e4b9-c401-48c3-9d17-d372ce793a2f","Order":2,"TemplateIdentifier":"41ae2d5d-7888-4912-82dd-43511d9e1504","Type":2,"DataDefinitionJson":"{\n  \"dataSource\": \"[Get Results.JsonResult]\",\n  \"jsonSample\": null,\n  \"type\": 2,\n  \"widgetDefinitionScope\": 2\n}","GridColumns":1,"ActionWidgetTemplateIdentifier":null,"StepIdentifier":null,"StepIntegration":null,"BlockStepIdentifier":null,"BlockStepInstanceName":null,"PresentIfEmpty":false,"ConditionsGroup":{"Conditions":[],"LogicalOperator":0},"IntegrationName":""}]},"Roles":["Administrator"]}],"WidgetTemplates":[{"Title":"Advanced IOC Scan Overview","Description":"Important details extracted from the Advanced IOC Scan result.","Identifier":"2aa8dfa5-ef73-4af0-9c73-28d391da18c4","Order":1,"TemplateIdentifier":"41ae2d5d-7888-4912-82dd-43511d9e1504","Type":0,"DataDefinitionJson":"{\n  \"keyValue\": [\n    {\n      \"key\": \"Scan Start time\",\n      \"value\": \"[Get Results.JsonResult|\\\"data.threatHuntDetailV2.startTime\\\"]\"\n    },\n    {\n      \"key\": \"Scan End Time\",\n      \"value\": \"[Get Results.JsonResult|\\\"data.threatHuntDetailV2.endTime\\\"]\"\n    },\n    {\n      \"key\": \"IOC Values\",\n      \"value\": \"[Get Results.JsonResult|\\\"data.threatHuntDetailV2.baseConfig.ioc.iocList.indicatorsOfCompromise.iocValue\\\"]\"\n    },\n    {\n      \"key\": \"Scanned Objects \",\n      \"value\": \"[Get Results.JsonResult|\\\"data.threatHuntObjectMetrics.totalObjectsScanned\\\"]\"\n    },\n    {\n      \"key\": \"Affected Objects\",\n      \"value\": \"[Get Results.JsonResult|\\\"data.threatHuntObjectMetrics.totalAffectedObjects\\\"]\"\n    },\n    {\n      \"key\": \"Unique File Matches\",\n      \"value\": \"[Get Results.JsonResult|\\\"data.threatHuntDetailV2.totalUniqueFileMatches\\\"]\"\n    },\n    {\n      \"key\": \"Scanned Snapshots\",\n      \"value\": \"[Get Results.JsonResult|\\\"data.threatHuntDetailV2.totalScannedSnapshots\\\"]\"\n    },\n    {\n      \"key\": \"Matched Snapshots\",\n      \"value\": \"[Get Results.JsonResult|\\\"data.threatHuntDetailV2.totalMatchedSnapshots\\\"]\"\n    }\n  ],\n  \"type\": 0,\n  \"widgetDefinitionScope\": 2\n}","GridColumns":2,"ActionWidgetTemplateIdentifier":null,"StepIdentifier":null,"StepIntegration":null,"BlockStepIdentifier":null,"BlockStepInstanceName":null,"PresentIfEmpty":false,"ConditionsGroup":{"Conditions":[],"LogicalOperator":0},"IntegrationName":""},{"Title":"Advanced IOC Scan Result","Description":"Json result of the Advanced IOC scan.","Identifier":"57e2e4b9-c401-48c3-9d17-d372ce793a2f","Order":2,"TemplateIdentifier":"41ae2d5d-7888-4912-82dd-43511d9e1504","Type":2,"DataDefinitionJson":"{\n  \"dataSource\": \"[Get Results.JsonResult]\",\n  \"jsonSample\": null,\n  \"type\": 2,\n  \"widgetDefinitionScope\": 2\n}","GridColumns":1,"ActionWidgetTemplateIdentifier":null,"StepIdentifier":null,"StepIntegration":null,"BlockStepIdentifier":null,"BlockStepInstanceName":null,"PresentIfEmpty":false,"ConditionsGroup":{"Conditions":[],"LogicalOperator":0},"IntegrationName":""}],"Definition":{"Identifier":"06d7d0d9-91cc-4cc0-ac3a-eb756f7547c3","IsEnable":true,"Version":0.0,"IsArchived":false,"IsAutomatic":true,"Name":"Rubrik Advanced IOC Scan","Category":2,"Description":"Find threats in Rubrik backups, by doing Advance IOC scan using manually entered IOCs or other IOCs from Google SecOps.","Priority":2,"Creator":"599a64ca-4b2d-4f56-b43f-e7958e154797","VersionCreator":null,"VersionComment":null,"OriginalWorkflowIdentifier":"06d7d0d9-91cc-4cc0-ac3a-eb756f7547c3","TemplateName":null,"PlaybookType":0,"IsDebugMode":false,"DebugBaseAlertIdentifier":null,"DebugAlertIdentifier":null,"SimulationClone":false,"DefaultAccessLevel":2,"CreationSource":1,"Steps":[{"Identifier":"2769162f-7e81-4ed2-9be4-8f7aae0bc038","OriginalStepIdentifier":"2769162f-7e81-4ed2-9be4-8f7aae0bc038","ParentWorkflowIdentifier":"06d7d0d9-91cc-4cc0-ac3a-eb756f7547c3","ParentStepIdentifiers":["45dc6829-deb1-4538-9deb-a9fd3b88c6d4"],"ParentStepIdentifier":"45dc6829-deb1-4538-9deb-a9fd3b88c6d4","PreviousResultCondition":"{}","InstanceName":"Rubrik Advanced IOC Scan Input Block_1","IsAutomatic":false,"Name":"Rubrik Advanced IOC Scan Input Block","IsSkippable":false,"Description":"An embedded workflow that can receive inputs and return an output.","ActionProvider":"Flow","ActionName":"NestedAction","Type":5,"Integration":"Siemplify","Parameters":[{"ParentStepIdentifier":"2769162f-7e81-4ed2-9be4-8f7aae0bc038","ParentWorkflowIdentifier":"06d7d0d9-91cc-4cc0-ac3a-eb756f7547c3","Name":"AssignedUsers","Value":null},{"ParentStepIdentifier":"2769162f-7e81-4ed2-9be4-8f7aae0bc038","ParentWorkflowIdentifier":"06d7d0d9-91cc-4cc0-ac3a-eb756f7547c3","Name":"DynamicInjectionInstancePlaceholder","Value":null},{"ParentStepIdentifier":"2769162f-7e81-4ed2-9be4-8f7aae0bc038","ParentWorkflowIdentifier":"06d7d0d9-91cc-4cc0-ac3a-eb756f7547c3","Name":"FetchInstanceByName","Value":null},{"ParentStepIdentifier":"2769162f-7e81-4ed2-9be4-8f7aae0bc038","ParentWorkflowIdentifier":"06d7d0d9-91cc-4cc0-ac3a-eb756f7547c3","Name":"HasApprovalLink","Value":null},{"ParentStepIdentifier":"2769162f-7e81-4ed2-9be4-8f7aae0bc038","ParentWorkflowIdentifier":"06d7d0d9-91cc-4cc0-ac3a-eb756f7547c3","Name":"MessageToAssignee","Value":null},{"ParentStepIdentifier":"2769162f-7e81-4ed2-9be4-8f7aae0bc038","ParentWorkflowIdentifier":"06d7d0d9-91cc-4cc0-ac3a-eb756f7547c3","Name":"NestedWorkflowIdentifier","Value":"603288ca-3a41-4ab2-a579-45c407933967"},{"ParentStepIdentifier":"2769162f-7e81-4ed2-9be4-8f7aae0bc038","ParentWorkflowIdentifier":"06d7d0d9-91cc-4cc0-ac3a-eb756f7547c3","Name":"NestedWorkflowInputs","Value":"[{\"FieldName\":\"Object ID\",\"Value\":\"[Event.event_target_resource_productObjectId]\"},{\"FieldName\":\"Advanced IOC\",\"Value\":null},{\"FieldName\":\"Start Date\",\"Value\":null},{\"FieldName\":\"End Date\",\"Value\":null}]"},{"ParentStepIdentifier":"2769162f-7e81-4ed2-9be4-8f7aae0bc038","ParentWorkflowIdentifier":"06d7d0d9-91cc-4cc0-ac3a-eb756f7547c3","Name":"PendingActionTimeout","Value":null},{"ParentStepIdentifier":"2769162f-7e81-4ed2-9be4-8f7aae0bc038","ParentWorkflowIdentifier":"06d7d0d9-91cc-4cc0-ac3a-eb756f7547c3","Name":"UseEntitiesLoopScope","Value":"true"}],"AutoSkipOnFailure":false,"IsDebugMockData":false,"StepDebugData":null,"ParentStepContainerId":null,"IsTouchedByAi":false,"StartLoopStepIdentifier":null,"ParallelActions":[]},{"Identifier":"45dc6829-deb1-4538-9deb-a9fd3b88c6d4","OriginalStepIdentifier":"45dc6829-deb1-4538-9deb-a9fd3b88c6d4","ParentWorkflowIdentifier":"06d7d0d9-91cc-4cc0-ac3a-eb756f7547c3","ParentStepIdentifiers":[],"ParentStepIdentifier":"","PreviousResultCondition":null,"InstanceName":"Reset Context Advanced IOC","IsAutomatic":true,"Name":"Tools_Set Context Value","IsSkippable":false,"Description":"The action sets a key and value in a specific context (alert or case)","ActionProvider":"Scripts","ActionName":"Tools_Set Context Value","Type":0,"Integration":"Tools","Parameters":[{"ParentStepIdentifier":"45dc6829-deb1-4538-9deb-a9fd3b88c6d4","ParentWorkflowIdentifier":"06d7d0d9-91cc-4cc0-ac3a-eb756f7547c3","Name":"AssignedUsers","Value":null},{"ParentStepIdentifier":"45dc6829-deb1-4538-9deb-a9fd3b88c6d4","ParentWorkflowIdentifier":"06d7d0d9-91cc-4cc0-ac3a-eb756f7547c3","Name":"AsyncActionTimeout","Value":"86400"},{"ParentStepIdentifier":"45dc6829-deb1-4538-9deb-a9fd3b88c6d4","ParentWorkflowIdentifier":"06d7d0d9-91cc-4cc0-ac3a-eb756f7547c3","Name":"AsyncPollingInterval","Value":"3600"},{"ParentStepIdentifier":"45dc6829-deb1-4538-9deb-a9fd3b88c6d4","ParentWorkflowIdentifier":"06d7d0d9-91cc-4cc0-ac3a-eb756f7547c3","Name":"DynamicInjectionInstancePlaceholder","Value":""},{"ParentStepIdentifier":"45dc6829-deb1-4538-9deb-a9fd3b88c6d4","ParentWorkflowIdentifier":"06d7d0d9-91cc-4cc0-ac3a-eb756f7547c3","Name":"FallbackIntegrationInstance","Value":null},{"ParentStepIdentifier":"45dc6829-deb1-4538-9deb-a9fd3b88c6d4","ParentWorkflowIdentifier":"06d7d0d9-91cc-4cc0-ac3a-eb756f7547c3","Name":"FetchInstanceByName","Value":"false"},{"ParentStepIdentifier":"45dc6829-deb1-4538-9deb-a9fd3b88c6d4","ParentWorkflowIdentifier":"06d7d0d9-91cc-4cc0-ac3a-eb756f7547c3","Name":"HasApprovalLink","Value":null},{"ParentStepIdentifier":"45dc6829-deb1-4538-9deb-a9fd3b88c6d4","ParentWorkflowIdentifier":"06d7d0d9-91cc-4cc0-ac3a-eb756f7547c3","Name":"IntegrationInstance","Value":"AutomaticEnvironment"},{"ParentStepIdentifier":"45dc6829-deb1-4538-9deb-a9fd3b88c6d4","ParentWorkflowIdentifier":"06d7d0d9-91cc-4cc0-ac3a-eb756f7547c3","Name":"MessageToAssignee","Value":null},{"ParentStepIdentifier":"45dc6829-deb1-4538-9deb-a9fd3b88c6d4","ParentWorkflowIdentifier":"06d7d0d9-91cc-4cc0-ac3a-eb756f7547c3","Name":"PendingActionTimeout","Value":null},{"ParentStepIdentifier":"45dc6829-deb1-4538-9deb-a9fd3b88c6d4","ParentWorkflowIdentifier":"06d7d0d9-91cc-4cc0-ac3a-eb756f7547c3","Name":"RetryConfiguration","Value":null},{"ParentStepIdentifier":"45dc6829-deb1-4538-9deb-a9fd3b88c6d4","ParentWorkflowIdentifier":"06d7d0d9-91cc-4cc0-ac3a-eb756f7547c3","Name":"ScriptName","Value":"Tools_Set Context Value"},{"ParentStepIdentifier":"45dc6829-deb1-4538-9deb-a9fd3b88c6d4","ParentWorkflowIdentifier":"06d7d0d9-91cc-4cc0-ac3a-eb756f7547c3","Name":"ScriptParametersEntityFields","Value":"{\"Value\":\"{}\",\"Key\":\"advanced_ioc\",\"Scope\":\"Alert\"}"},{"ParentStepIdentifier":"45dc6829-deb1-4538-9deb-a9fd3b88c6d4","ParentWorkflowIdentifier":"06d7d0d9-91cc-4cc0-ac3a-eb756f7547c3","Name":"SelectedScopeName","Value":"All entities"},{"ParentStepIdentifier":"45dc6829-deb1-4538-9deb-a9fd3b88c6d4","ParentWorkflowIdentifier":"06d7d0d9-91cc-4cc0-ac3a-eb756f7547c3","Name":"UseEntitiesLoopScope","Value":null}],"AutoSkipOnFailure":false,"IsDebugMockData":false,"StepDebugData":{"CreationTimeUnixTimeInMs":0,"ModificationTimeUnixTimeInMs":0,"OriginalWorkflowIdentifier":"06d7d0d9-91cc-4cc0-ac3a-eb756f7547c3","OriginalStepIdentifier":"45dc6829-deb1-4538-9deb-a9fd3b88c6d4","ResultValue":"","ResultJson":"","ScopeEntitiesEnrichmentData":[],"ScopeEntitiesEnrichmentDataJson":"[]"},"ParentStepContainerId":null,"IsTouchedByAi":false,"StartLoopStepIdentifier":null,"ParallelActions":[]},{"Identifier":"4e96400c-7ca1-43ba-837c-5189932f98e2","OriginalStepIdentifier":"4e96400c-7ca1-43ba-837c-5189932f98e2","ParentWorkflowIdentifier":"06d7d0d9-91cc-4cc0-ac3a-eb756f7547c3","ParentStepIdentifiers":["f10f6e81-521a-41c3-97d9-ec8a406f13b5"],"ParentStepIdentifier":"f10f6e81-521a-41c3-97d9-ec8a406f13b5","PreviousResultCondition":"{}","InstanceName":"Advanced IOC Scan","IsAutomatic":true,"Name":"RubrikSecurityCloud_Advanced IOC Scan","IsSkippable":false,"Description":"Start a new advance threat hunt.","ActionProvider":"Scripts","ActionName":"RubrikSecurityCloud_Advanced IOC Scan","Type":0,"Integration":"RubrikSecurityCloud","Parameters":[{"ParentStepIdentifier":"4e96400c-7ca1-43ba-837c-5189932f98e2","ParentWorkflowIdentifier":"06d7d0d9-91cc-4cc0-ac3a-eb756f7547c3","Name":"AssignedUsers","Value":null},{"ParentStepIdentifier":"4e96400c-7ca1-43ba-837c-5189932f98e2","ParentWorkflowIdentifier":"06d7d0d9-91cc-4cc0-ac3a-eb756f7547c3","Name":"AsyncActionTimeout","Value":"86400"},{"ParentStepIdentifier":"4e96400c-7ca1-43ba-837c-5189932f98e2","ParentWorkflowIdentifier":"06d7d0d9-91cc-4cc0-ac3a-eb756f7547c3","Name":"AsyncPollingInterval","Value":"3600"},{"ParentStepIdentifier":"4e96400c-7ca1-43ba-837c-5189932f98e2","ParentWorkflowIdentifier":"06d7d0d9-91cc-4cc0-ac3a-eb756f7547c3","Name":"DynamicInjectionInstancePlaceholder","Value":""},{"ParentStepIdentifier":"4e96400c-7ca1-43ba-837c-5189932f98e2","ParentWorkflowIdentifier":"06d7d0d9-91cc-4cc0-ac3a-eb756f7547c3","Name":"FallbackIntegrationInstance","Value":"2d6f4cbb-8b20-4722-9f2c-8f86aa6f5cb1"},{"ParentStepIdentifier":"4e96400c-7ca1-43ba-837c-5189932f98e2","ParentWorkflowIdentifier":"06d7d0d9-91cc-4cc0-ac3a-eb756f7547c3","Name":"FetchInstanceByName","Value":"false"},{"ParentStepIdentifier":"4e96400c-7ca1-43ba-837c-5189932f98e2","ParentWorkflowIdentifier":"06d7d0d9-91cc-4cc0-ac3a-eb756f7547c3","Name":"HasApprovalLink","Value":null},{"ParentStepIdentifier":"4e96400c-7ca1-43ba-837c-5189932f98e2","ParentWorkflowIdentifier":"06d7d0d9-91cc-4cc0-ac3a-eb756f7547c3","Name":"IntegrationInstance","Value":"AutomaticEnvironment"},{"ParentStepIdentifier":"4e96400c-7ca1-43ba-837c-5189932f98e2","ParentWorkflowIdentifier":"06d7d0d9-91cc-4cc0-ac3a-eb756f7547c3","Name":"MessageToAssignee","Value":null},{"ParentStepIdentifier":"4e96400c-7ca1-43ba-837c-5189932f98e2","ParentWorkflowIdentifier":"06d7d0d9-91cc-4cc0-ac3a-eb756f7547c3","Name":"PendingActionTimeout","Value":null},{"ParentStepIdentifier":"4e96400c-7ca1-43ba-837c-5189932f98e2","ParentWorkflowIdentifier":"06d7d0d9-91cc-4cc0-ac3a-eb756f7547c3","Name":"RetryConfiguration","Value":"{\"Enabled\":false,\"IntervalInSeconds\":30,\"NumberOfRetries\":1}"},{"ParentStepIdentifier":"4e96400c-7ca1-43ba-837c-5189932f98e2","ParentWorkflowIdentifier":"06d7d0d9-91cc-4cc0-ac3a-eb756f7547c3","Name":"ScriptName","Value":"RubrikSecurityCloud_Advanced IOC Scan"},{"ParentStepIdentifier":"4e96400c-7ca1-43ba-837c-5189932f98e2","ParentWorkflowIdentifier":"06d7d0d9-91cc-4cc0-ac3a-eb756f7547c3","Name":"ScriptParametersEntityFields","Value":"{\"Paths To Exclude\":\"\",\"Max Matches Per Snapshot\":\"\",\"Paths To Exempt\":\"\",\"Object ID\":\"[Rubrik Advanced IOC Scan Input Block_1.Extract Input Params.JsonResult| \\\"data.object_id\\\"]\",\"IOC Type\":\"\",\"IOC Value\":\"\",\"Scan Name\":\"\",\"Advanced IOC\":\"[Get Context for Advanced IOC.ScriptResult]\",\"Start Date\":\"[Rubrik Advanced IOC Scan Input Block_1.Extract Input Params.JsonResult| \\\"data.start_date\\\"]\",\"End Date\":\"[Rubrik Advanced IOC Scan Input Block_1.Extract Input Params.JsonResult| \\\"data.end_date\\\"]\",\"Max Snapshots Per Object\":\"\",\"Min File Size\":\"\",\"Max File Size\":\"\",\"Paths To Include\":\"\"}"},{"ParentStepIdentifier":"4e96400c-7ca1-43ba-837c-5189932f98e2","ParentWorkflowIdentifier":"06d7d0d9-91cc-4cc0-ac3a-eb756f7547c3","Name":"SelectedScopeName","Value":"All entities"},{"ParentStepIdentifier":"4e96400c-7ca1-43ba-837c-5189932f98e2","ParentWorkflowIdentifier":"06d7d0d9-91cc-4cc0-ac3a-eb756f7547c3","Name":"UseEntitiesLoopScope","Value":null}],"AutoSkipOnFailure":false,"IsDebugMockData":false,"StepDebugData":null,"ParentStepContainerId":null,"IsTouchedByAi":false,"StartLoopStepIdentifier":null,"ParallelActions":[]},{"Identifier":"d7daa7f3-43e8-479b-b856-bc71ce3b0e0a","OriginalStepIdentifier":"d7daa7f3-43e8-479b-b856-bc71ce3b0e0a","ParentWorkflowIdentifier":"06d7d0d9-91cc-4cc0-ac3a-eb756f7547c3","ParentStepIdentifiers":["4e96400c-7ca1-43ba-837c-5189932f98e2"],"ParentStepIdentifier":"4e96400c-7ca1-43ba-837c-5189932f98e2","PreviousResultCondition":"{}","InstanceName":"Get Results","IsAutomatic":true,"Name":"RubrikSecurityCloud_IOC Scan Results","IsSkippable":false,"Description":"Retrieve details of the Turbo and Advance Threat Hunt.","ActionProvider":"Scripts","ActionName":"RubrikSecurityCloud_IOC Scan Results","Type":0,"Integration":"RubrikSecurityCloud","Parameters":[{"ParentStepIdentifier":"d7daa7f3-43e8-479b-b856-bc71ce3b0e0a","ParentWorkflowIdentifier":"06d7d0d9-91cc-4cc0-ac3a-eb756f7547c3","Name":"AssignedUsers","Value":null},{"ParentStepIdentifier":"d7daa7f3-43e8-479b-b856-bc71ce3b0e0a","ParentWorkflowIdentifier":"06d7d0d9-91cc-4cc0-ac3a-eb756f7547c3","Name":"AsyncActionTimeout","Value":"172800"},{"ParentStepIdentifier":"d7daa7f3-43e8-479b-b856-bc71ce3b0e0a","ParentWorkflowIdentifier":"06d7d0d9-91cc-4cc0-ac3a-eb756f7547c3","Name":"AsyncPollingInterval","Value":"120"},{"ParentStepIdentifier":"d7daa7f3-43e8-479b-b856-bc71ce3b0e0a","ParentWorkflowIdentifier":"06d7d0d9-91cc-4cc0-ac3a-eb756f7547c3","Name":"DynamicInjectionInstancePlaceholder","Value":""},{"ParentStepIdentifier":"d7daa7f3-43e8-479b-b856-bc71ce3b0e0a","ParentWorkflowIdentifier":"06d7d0d9-91cc-4cc0-ac3a-eb756f7547c3","Name":"FallbackIntegrationInstance","Value":"2d6f4cbb-8b20-4722-9f2c-8f86aa6f5cb1"},{"ParentStepIdentifier":"d7daa7f3-43e8-479b-b856-bc71ce3b0e0a","ParentWorkflowIdentifier":"06d7d0d9-91cc-4cc0-ac3a-eb756f7547c3","Name":"FetchInstanceByName","Value":"false"},{"ParentStepIdentifier":"d7daa7f3-43e8-479b-b856-bc71ce3b0e0a","ParentWorkflowIdentifier":"06d7d0d9-91cc-4cc0-ac3a-eb756f7547c3","Name":"HasApprovalLink","Value":null},{"ParentStepIdentifier":"d7daa7f3-43e8-479b-b856-bc71ce3b0e0a","ParentWorkflowIdentifier":"06d7d0d9-91cc-4cc0-ac3a-eb756f7547c3","Name":"IntegrationInstance","Value":"AutomaticEnvironment"},{"ParentStepIdentifier":"d7daa7f3-43e8-479b-b856-bc71ce3b0e0a","ParentWorkflowIdentifier":"06d7d0d9-91cc-4cc0-ac3a-eb756f7547c3","Name":"MessageToAssignee","Value":null},{"ParentStepIdentifier":"d7daa7f3-43e8-479b-b856-bc71ce3b0e0a","ParentWorkflowIdentifier":"06d7d0d9-91cc-4cc0-ac3a-eb756f7547c3","Name":"PendingActionTimeout","Value":null},{"ParentStepIdentifier":"d7daa7f3-43e8-479b-b856-bc71ce3b0e0a","ParentWorkflowIdentifier":"06d7d0d9-91cc-4cc0-ac3a-eb756f7547c3","Name":"RetryConfiguration","Value":"{\"Enabled\":false,\"IntervalInSeconds\":30,\"NumberOfRetries\":1}"},{"ParentStepIdentifier":"d7daa7f3-43e8-479b-b856-bc71ce3b0e0a","ParentWorkflowIdentifier":"06d7d0d9-91cc-4cc0-ac3a-eb756f7547c3","Name":"ScriptName","Value":"RubrikSecurityCloud_IOC Scan Results"},{"ParentStepIdentifier":"d7daa7f3-43e8-479b-b856-bc71ce3b0e0a","ParentWorkflowIdentifier":"06d7d0d9-91cc-4cc0-ac3a-eb756f7547c3","Name":"ScriptParametersEntityFields","Value":"{\"Hunt ID\":\"[Advanced IOC Scan.JsonResult| \\\"data.startBulkThreatHunt.hunts.huntId\\\"]\"}"},{"ParentStepIdentifier":"d7daa7f3-43e8-479b-b856-bc71ce3b0e0a","ParentWorkflowIdentifier":"06d7d0d9-91cc-4cc0-ac3a-eb756f7547c3","Name":"SelectedScopeName","Value":"All entities"},{"ParentStepIdentifier":"d7daa7f3-43e8-479b-b856-bc71ce3b0e0a","ParentWorkflowIdentifier":"06d7d0d9-91cc-4cc0-ac3a-eb756f7547c3","Name":"UseEntitiesLoopScope","Value":null}],"AutoSkipOnFailure":false,"IsDebugMockData":false,"StepDebugData":{"CreationTimeUnixTimeInMs":0,"ModificationTimeUnixTimeInMs":0,"OriginalWorkflowIdentifier":"06d7d0d9-91cc-4cc0-ac3a-eb756f7547c3","OriginalStepIdentifier":"d7daa7f3-43e8-479b-b856-bc71ce3b0e0a","ResultValue":"","ResultJson":"","ScopeEntitiesEnrichmentData":[],"ScopeEntitiesEnrichmentDataJson":"[]"},"ParentStepContainerId":null,"IsTouchedByAi":false,"StartLoopStepIdentifier":null,"ParallelActions":[]},{"Identifier":"f10f6e81-521a-41c3-97d9-ec8a406f13b5","OriginalStepIdentifier":"f10f6e81-521a-41c3-97d9-ec8a406f13b5","ParentWorkflowIdentifier":"06d7d0d9-91cc-4cc0-ac3a-eb756f7547c3","ParentStepIdentifiers":["2769162f-7e81-4ed2-9be4-8f7aae0bc038"],"ParentStepIdentifier":"2769162f-7e81-4ed2-9be4-8f7aae0bc038","PreviousResultCondition":"{}","InstanceName":"Get Context for Advanced IOC","IsAutomatic":true,"Name":"Tools_Get Context Value","IsSkippable":false,"Description":"The action gets a key and value in a specific context (alert or case)","ActionProvider":"Scripts","ActionName":"Tools_Get Context Value","Type":0,"Integration":"Tools","Parameters":[{"ParentStepIdentifier":"f10f6e81-521a-41c3-97d9-ec8a406f13b5","ParentWorkflowIdentifier":"06d7d0d9-91cc-4cc0-ac3a-eb756f7547c3","Name":"AssignedUsers","Value":null},{"ParentStepIdentifier":"f10f6e81-521a-41c3-97d9-ec8a406f13b5","ParentWorkflowIdentifier":"06d7d0d9-91cc-4cc0-ac3a-eb756f7547c3","Name":"AsyncActionTimeout","Value":"86400"},{"ParentStepIdentifier":"f10f6e81-521a-41c3-97d9-ec8a406f13b5","ParentWorkflowIdentifier":"06d7d0d9-91cc-4cc0-ac3a-eb756f7547c3","Name":"AsyncPollingInterval","Value":"3600"},{"ParentStepIdentifier":"f10f6e81-521a-41c3-97d9-ec8a406f13b5","ParentWorkflowIdentifier":"06d7d0d9-91cc-4cc0-ac3a-eb756f7547c3","Name":"DynamicInjectionInstancePlaceholder","Value":""},{"ParentStepIdentifier":"f10f6e81-521a-41c3-97d9-ec8a406f13b5","ParentWorkflowIdentifier":"06d7d0d9-91cc-4cc0-ac3a-eb756f7547c3","Name":"FallbackIntegrationInstance","Value":null},{"ParentStepIdentifier":"f10f6e81-521a-41c3-97d9-ec8a406f13b5","ParentWorkflowIdentifier":"06d7d0d9-91cc-4cc0-ac3a-eb756f7547c3","Name":"FetchInstanceByName","Value":"false"},{"ParentStepIdentifier":"f10f6e81-521a-41c3-97d9-ec8a406f13b5","ParentWorkflowIdentifier":"06d7d0d9-91cc-4cc0-ac3a-eb756f7547c3","Name":"HasApprovalLink","Value":null},{"ParentStepIdentifier":"f10f6e81-521a-41c3-97d9-ec8a406f13b5","ParentWorkflowIdentifier":"06d7d0d9-91cc-4cc0-ac3a-eb756f7547c3","Name":"IntegrationInstance","Value":"AutomaticEnvironment"},{"ParentStepIdentifier":"f10f6e81-521a-41c3-97d9-ec8a406f13b5","ParentWorkflowIdentifier":"06d7d0d9-91cc-4cc0-ac3a-eb756f7547c3","Name":"MessageToAssignee","Value":null},{"ParentStepIdentifier":"f10f6e81-521a-41c3-97d9-ec8a406f13b5","ParentWorkflowIdentifier":"06d7d0d9-91cc-4cc0-ac3a-eb756f7547c3","Name":"PendingActionTimeout","Value":null},{"ParentStepIdentifier":"f10f6e81-521a-41c3-97d9-ec8a406f13b5","ParentWorkflowIdentifier":"06d7d0d9-91cc-4cc0-ac3a-eb756f7547c3","Name":"RetryConfiguration","Value":"{\"Enabled\":false,\"IntervalInSeconds\":30,\"NumberOfRetries\":1}"},{"ParentStepIdentifier":"f10f6e81-521a-41c3-97d9-ec8a406f13b5","ParentWorkflowIdentifier":"06d7d0d9-91cc-4cc0-ac3a-eb756f7547c3","Name":"ScriptName","Value":"Tools_Get Context Value"},{"ParentStepIdentifier":"f10f6e81-521a-41c3-97d9-ec8a406f13b5","ParentWorkflowIdentifier":"06d7d0d9-91cc-4cc0-ac3a-eb756f7547c3","Name":"ScriptParametersEntityFields","Value":"{\"Scope\":\"Alert\",\"Key\":\"advanced_ioc\"}"},{"ParentStepIdentifier":"f10f6e81-521a-41c3-97d9-ec8a406f13b5","ParentWorkflowIdentifier":"06d7d0d9-91cc-4cc0-ac3a-eb756f7547c3","Name":"SelectedScopeName","Value":"All entities"},{"ParentStepIdentifier":"f10f6e81-521a-41c3-97d9-ec8a406f13b5","ParentWorkflowIdentifier":"06d7d0d9-91cc-4cc0-ac3a-eb756f7547c3","Name":"UseEntitiesLoopScope","Value":null}],"AutoSkipOnFailure":false,"IsDebugMockData":false,"StepDebugData":{"CreationTimeUnixTimeInMs":0,"ModificationTimeUnixTimeInMs":0,"OriginalWorkflowIdentifier":"06d7d0d9-91cc-4cc0-ac3a-eb756f7547c3","OriginalStepIdentifier":"f10f6e81-521a-41c3-97d9-ec8a406f13b5","ResultValue":"","ResultJson":"","ScopeEntitiesEnrichmentData":[],"ScopeEntitiesEnrichmentDataJson":"[]"},"ParentStepContainerId":null,"IsTouchedByAi":false,"StartLoopStepIdentifier":null,"ParallelActions":[]}],"Triggers":[{"Identifier":"5efb98cf-fea7-44ff-832c-88d1c5ae10e6","IsEnabled":true,"DefinitionIdentifier":"06d7d0d9-91cc-4cc0-ac3a-eb756f7547c3","Type":3,"WorkflowName":null,"LogicalOperator":0,"Conditions":[{"FieldName":"","MatchType":0,"Value":"RubrikSecurityCloud","CustomOperatorName":null}],"Environments":["*"]}],"OverviewTemplates":[{"Identifier":"41ae2d5d-7888-4912-82dd-43511d9e1504","Name":"Advanced IOC Scan","Creator":null,"PlaybookDefinitionIdentifier":"06d7d0d9-91cc-4cc0-ac3a-eb756f7547c3","Type":0,"AlertRuleType":null,"Roles":[],"Widgets":[{"Title":"Advanced IOC Scan Overview","Description":"Important details extracted from the Advanced IOC Scan result.","Identifier":"2aa8dfa5-ef73-4af0-9c73-28d391da18c4","Order":1,"TemplateIdentifier":"41ae2d5d-7888-4912-82dd-43511d9e1504","Type":0,"DataDefinitionJson":"{\n  \"keyValue\": [\n    {\n      \"key\": \"Scan Start time\",\n      \"value\": \"[Get Results.JsonResult|\\\"data.threatHuntDetailV2.startTime\\\"]\"\n    },\n    {\n      \"key\": \"Scan End Time\",\n      \"value\": \"[Get Results.JsonResult|\\\"data.threatHuntDetailV2.endTime\\\"]\"\n    },\n    {\n      \"key\": \"IOC Values\",\n      \"value\": \"[Get Results.JsonResult|\\\"data.threatHuntDetailV2.baseConfig.ioc.iocList.indicatorsOfCompromise.iocValue\\\"]\"\n    },\n    {\n      \"key\": \"Scanned Objects \",\n      \"value\": \"[Get Results.JsonResult|\\\"data.threatHuntObjectMetrics.totalObjectsScanned\\\"]\"\n    },\n    {\n      \"key\": \"Affected Objects\",\n      \"value\": \"[Get Results.JsonResult|\\\"data.threatHuntObjectMetrics.totalAffectedObjects\\\"]\"\n    },\n    {\n      \"key\": \"Unique File Matches\",\n      \"value\": \"[Get Results.JsonResult|\\\"data.threatHuntDetailV2.totalUniqueFileMatches\\\"]\"\n    },\n    {\n      \"key\": \"Scanned Snapshots\",\n      \"value\": \"[Get Results.JsonResult|\\\"data.threatHuntDetailV2.totalScannedSnapshots\\\"]\"\n    },\n    {\n      \"key\": \"Matched Snapshots\",\n      \"value\": \"[Get Results.JsonResult|\\\"data.threatHuntDetailV2.totalMatchedSnapshots\\\"]\"\n    }\n  ],\n  \"type\": 0,\n  \"widgetDefinitionScope\": 2\n}","GridColumns":2,"ActionWidgetTemplateIdentifier":null,"StepIdentifier":null,"StepIntegration":null,"BlockStepIdentifier":null,"BlockStepInstanceName":null,"PresentIfEmpty":false,"ConditionsGroup":{"Conditions":[],"LogicalOperator":0},"IntegrationName":""},{"Title":"Advanced IOC Scan Result","Description":"Json result of the Advanced IOC scan.","Identifier":"57e2e4b9-c401-48c3-9d17-d372ce793a2f","Order":2,"TemplateIdentifier":"41ae2d5d-7888-4912-82dd-43511d9e1504","Type":2,"DataDefinitionJson":"{\n  \"dataSource\": \"[Get Results.JsonResult]\",\n  \"jsonSample\": null,\n  \"type\": 2,\n  \"widgetDefinitionScope\": 2\n}","GridColumns":1,"ActionWidgetTemplateIdentifier":null,"StepIdentifier":null,"StepIntegration":null,"BlockStepIdentifier":null,"BlockStepInstanceName":null,"PresentIfEmpty":false,"ConditionsGroup":{"Conditions":[],"LogicalOperator":0},"IntegrationName":""}]}],"Permissions":[],"Environments":["*"]}}