{"CategoryName":"Imported Playbooks","OverviewTemplatesDetails":[{"OverviewTemplate":{"Identifier":"72106f19-f5e3-49c7-94c8-4bf7e0a6c81e","Name":"Turbo IOC Scan","Creator":null,"PlaybookDefinitionIdentifier":"619adaf8-12ba-4dee-bd37-fc2c79f6d308","Type":0,"AlertRuleType":null,"Roles":[],"Widgets":[{"Title":"Turbo IOC Scan Overview","Description":"Important details extracted from the Turbo IOC Scan result.","Identifier":"b070dbb2-711a-4606-9f5c-4825d1e1b39d","Order":1,"TemplateIdentifier":"72106f19-f5e3-49c7-94c8-4bf7e0a6c81e","Type":0,"DataDefinitionJson":"{\n  \"keyValue\": [\n    {\n      \"key\": \"Scan Start time\",\n      \"value\": \"[Get Results.JsonResult|\\\"data.threatHuntDetailV2.startTime\\\"]\"\n    },\n    {\n      \"key\": \"Scan End Time\",\n      \"value\": \"[Get Results.JsonResult|\\\"data.threatHuntDetailV2.endTime\\\"]\"\n    },\n    {\n      \"key\": \"IOC Hash\",\n      \"value\": \"[Get Results.JsonResult|\\\"data.threatHuntDetailV2.baseConfig.ioc.iocList.indicatorsOfCompromise.iocValue\\\"]\"\n    },\n    {\n      \"key\": \"Scanned Objects \",\n      \"value\": \"[Get Results.JsonResult|\\\"data.threatHuntObjectMetrics.totalObjectsScanned\\\"]\"\n    },\n    {\n      \"key\": \"Affected Objects\",\n      \"value\": \"[Get Results.JsonResult|\\\"data.threatHuntObjectMetrics.totalAffectedObjects\\\"]\"\n    },\n    {\n      \"key\": \"Unique File Matches\",\n      \"value\": \"[Get Results.JsonResult|\\\"data.threatHuntDetailV2.totalUniqueFileMatches\\\"]\"\n    },\n    {\n      \"key\": \"Scanned Snapshots\",\n      \"value\": \"[Get Results.JsonResult|\\\"data.threatHuntDetailV2.totalScannedSnapshots\\\"]\"\n    },\n    {\n      \"key\": \"Matched Snapshots\",\n      \"value\": \"[Get Results.JsonResult|\\\"data.threatHuntDetailV2.totalMatchedSnapshots\\\"]\"\n    }\n  ],\n  \"type\": 0,\n  \"widgetDefinitionScope\": 2\n}","GridColumns":2,"ActionWidgetTemplateIdentifier":null,"StepIdentifier":null,"StepIntegration":null,"BlockStepIdentifier":null,"BlockStepInstanceName":null,"PresentIfEmpty":false,"ConditionsGroup":{"Conditions":[],"LogicalOperator":0},"IntegrationName":""},{"Title":"Turbo IOC Scan Result","Description":"Json result of the Turbo IOC scan.","Identifier":"083f9216-b169-4c52-8457-855a96598c7c","Order":2,"TemplateIdentifier":"72106f19-f5e3-49c7-94c8-4bf7e0a6c81e","Type":2,"DataDefinitionJson":"{\n  \"dataSource\": \"[Get Results.JsonResult]\",\n  \"jsonSample\": null,\n  \"type\": 2,\n  \"widgetDefinitionScope\": 2\n}","GridColumns":1,"ActionWidgetTemplateIdentifier":null,"StepIdentifier":null,"StepIntegration":null,"BlockStepIdentifier":null,"BlockStepInstanceName":null,"PresentIfEmpty":false,"ConditionsGroup":{"Conditions":[],"LogicalOperator":0},"IntegrationName":""}]},"Roles":["Administrator"]}],"WidgetTemplates":[{"Title":"Turbo IOC Scan Overview","Description":"Important details extracted from the Turbo IOC Scan result.","Identifier":"b070dbb2-711a-4606-9f5c-4825d1e1b39d","Order":1,"TemplateIdentifier":"72106f19-f5e3-49c7-94c8-4bf7e0a6c81e","Type":0,"DataDefinitionJson":"{\n  \"keyValue\": [\n    {\n      \"key\": \"Scan Start time\",\n      \"value\": \"[Get Results.JsonResult|\\\"data.threatHuntDetailV2.startTime\\\"]\"\n    },\n    {\n      \"key\": \"Scan End Time\",\n      \"value\": \"[Get Results.JsonResult|\\\"data.threatHuntDetailV2.endTime\\\"]\"\n    },\n    {\n      \"key\": \"IOC Hash\",\n      \"value\": \"[Get Results.JsonResult|\\\"data.threatHuntDetailV2.baseConfig.ioc.iocList.indicatorsOfCompromise.iocValue\\\"]\"\n    },\n    {\n      \"key\": \"Scanned Objects \",\n      \"value\": \"[Get Results.JsonResult|\\\"data.threatHuntObjectMetrics.totalObjectsScanned\\\"]\"\n    },\n    {\n      \"key\": \"Affected Objects\",\n      \"value\": \"[Get Results.JsonResult|\\\"data.threatHuntObjectMetrics.totalAffectedObjects\\\"]\"\n    },\n    {\n      \"key\": \"Unique File Matches\",\n      \"value\": \"[Get Results.JsonResult|\\\"data.threatHuntDetailV2.totalUniqueFileMatches\\\"]\"\n    },\n    {\n      \"key\": \"Scanned Snapshots\",\n      \"value\": \"[Get Results.JsonResult|\\\"data.threatHuntDetailV2.totalScannedSnapshots\\\"]\"\n    },\n    {\n      \"key\": \"Matched Snapshots\",\n      \"value\": \"[Get Results.JsonResult|\\\"data.threatHuntDetailV2.totalMatchedSnapshots\\\"]\"\n    }\n  ],\n  \"type\": 0,\n  \"widgetDefinitionScope\": 2\n}","GridColumns":2,"ActionWidgetTemplateIdentifier":null,"StepIdentifier":null,"StepIntegration":null,"BlockStepIdentifier":null,"BlockStepInstanceName":null,"PresentIfEmpty":false,"ConditionsGroup":{"Conditions":[],"LogicalOperator":0},"IntegrationName":""},{"Title":"Turbo IOC Scan Result","Description":"Json result of the Turbo IOC scan.","Identifier":"083f9216-b169-4c52-8457-855a96598c7c","Order":2,"TemplateIdentifier":"72106f19-f5e3-49c7-94c8-4bf7e0a6c81e","Type":2,"DataDefinitionJson":"{\n  \"dataSource\": \"[Get Results.JsonResult]\",\n  \"jsonSample\": null,\n  \"type\": 2,\n  \"widgetDefinitionScope\": 2\n}","GridColumns":1,"ActionWidgetTemplateIdentifier":null,"StepIdentifier":null,"StepIntegration":null,"BlockStepIdentifier":null,"BlockStepInstanceName":null,"PresentIfEmpty":false,"ConditionsGroup":{"Conditions":[],"LogicalOperator":0},"IntegrationName":""}],"Definition":{"Identifier":"619adaf8-12ba-4dee-bd37-fc2c79f6d308","IsEnable":true,"Version":0.0,"IsArchived":false,"IsAutomatic":false,"Name":"Rubrik Turbo IOC Scan","Category":2,"Description":"Find threats in Rubrik backups, by doing Turbo IOC scan using manually entered IOCs or other IOCs from Google SecOps.","Priority":2,"Creator":"599a64ca-4b2d-4f56-b43f-e7958e154797","VersionCreator":null,"VersionComment":null,"OriginalWorkflowIdentifier":"9bca9e6a-9dda-415a-9752-2e2f87622a36","TemplateName":null,"PlaybookType":0,"IsDebugMode":false,"DebugBaseAlertIdentifier":null,"DebugAlertIdentifier":null,"SimulationClone":false,"DefaultAccessLevel":2,"CreationSource":1,"Steps":[{"Identifier":"caa4a9e1-eff1-4ee7-9d62-97dbae8b2414","OriginalStepIdentifier":"59cbcc35-0b14-4f67-be58-e7ecc163c482","ParentWorkflowIdentifier":"619adaf8-12ba-4dee-bd37-fc2c79f6d308","ParentStepIdentifiers":[],"ParentStepIdentifier":"","PreviousResultCondition":"{}","InstanceName":"Rubrik Turbo IOC Scan Input Block","IsAutomatic":false,"Name":"Rubrik Turbo IOC Scan Input Block","IsSkippable":false,"Description":"An embedded workflow that can receive inputs and return an output for Turbo IOC Scan Playbook.","ActionProvider":"Flow","ActionName":"NestedAction","Type":5,"Integration":"Siemplify","Parameters":[{"ParentStepIdentifier":"caa4a9e1-eff1-4ee7-9d62-97dbae8b2414","ParentWorkflowIdentifier":"619adaf8-12ba-4dee-bd37-fc2c79f6d308","Name":"AssignedUsers","Value":null},{"ParentStepIdentifier":"caa4a9e1-eff1-4ee7-9d62-97dbae8b2414","ParentWorkflowIdentifier":"619adaf8-12ba-4dee-bd37-fc2c79f6d308","Name":"DynamicInjectionInstancePlaceholder","Value":null},{"ParentStepIdentifier":"caa4a9e1-eff1-4ee7-9d62-97dbae8b2414","ParentWorkflowIdentifier":"619adaf8-12ba-4dee-bd37-fc2c79f6d308","Name":"FetchInstanceByName","Value":null},{"ParentStepIdentifier":"caa4a9e1-eff1-4ee7-9d62-97dbae8b2414","ParentWorkflowIdentifier":"619adaf8-12ba-4dee-bd37-fc2c79f6d308","Name":"HasApprovalLink","Value":null},{"ParentStepIdentifier":"caa4a9e1-eff1-4ee7-9d62-97dbae8b2414","ParentWorkflowIdentifier":"619adaf8-12ba-4dee-bd37-fc2c79f6d308","Name":"MessageToAssignee","Value":null},{"ParentStepIdentifier":"caa4a9e1-eff1-4ee7-9d62-97dbae8b2414","ParentWorkflowIdentifier":"619adaf8-12ba-4dee-bd37-fc2c79f6d308","Name":"NestedWorkflowIdentifier","Value":"83159691-cebe-44bb-bd64-e1994ab44dbb"},{"ParentStepIdentifier":"caa4a9e1-eff1-4ee7-9d62-97dbae8b2414","ParentWorkflowIdentifier":"619adaf8-12ba-4dee-bd37-fc2c79f6d308","Name":"NestedWorkflowInputs","Value":"[{\"FieldName\":\"Cluster ID\",\"Value\":\"[Event.event_principal_resource_productObjectId]\"},{\"FieldName\":\"IOC Hash\",\"Value\":null},{\"FieldName\":\"Start Time\",\"Value\":null},{\"FieldName\":\"End Time\",\"Value\":null}]"},{"ParentStepIdentifier":"caa4a9e1-eff1-4ee7-9d62-97dbae8b2414","ParentWorkflowIdentifier":"619adaf8-12ba-4dee-bd37-fc2c79f6d308","Name":"PendingActionTimeout","Value":null},{"ParentStepIdentifier":"caa4a9e1-eff1-4ee7-9d62-97dbae8b2414","ParentWorkflowIdentifier":"619adaf8-12ba-4dee-bd37-fc2c79f6d308","Name":"UseEntitiesLoopScope","Value":"true"}],"AutoSkipOnFailure":false,"IsDebugMockData":false,"StepDebugData":null,"ParentStepContainerId":null,"IsTouchedByAi":false,"StartLoopStepIdentifier":null,"ParallelActions":[]},{"Identifier":"fbeb0e90-86c0-40c9-a8a0-94918d9887de","OriginalStepIdentifier":"6e79a776-8a1a-45dc-9c9f-002468196c9e","ParentWorkflowIdentifier":"619adaf8-12ba-4dee-bd37-fc2c79f6d308","ParentStepIdentifiers":["fd0a5fd1-a63a-40ff-af48-3b607fae335d"],"ParentStepIdentifier":"fd0a5fd1-a63a-40ff-af48-3b607fae335d","PreviousResultCondition":"{}","InstanceName":"Get Results","IsAutomatic":true,"Name":"RubrikSecurityCloud_IOC Scan Results","IsSkippable":false,"Description":"Retrieve details of the Turbo and Advance Threat Hunt.","ActionProvider":"Scripts","ActionName":"RubrikSecurityCloud_IOC Scan Results","Type":0,"Integration":"RubrikSecurityCloud","Parameters":[{"ParentStepIdentifier":"fbeb0e90-86c0-40c9-a8a0-94918d9887de","ParentWorkflowIdentifier":"619adaf8-12ba-4dee-bd37-fc2c79f6d308","Name":"AssignedUsers","Value":null},{"ParentStepIdentifier":"fbeb0e90-86c0-40c9-a8a0-94918d9887de","ParentWorkflowIdentifier":"619adaf8-12ba-4dee-bd37-fc2c79f6d308","Name":"AsyncActionTimeout","Value":"172800"},{"ParentStepIdentifier":"fbeb0e90-86c0-40c9-a8a0-94918d9887de","ParentWorkflowIdentifier":"619adaf8-12ba-4dee-bd37-fc2c79f6d308","Name":"AsyncPollingInterval","Value":"900"},{"ParentStepIdentifier":"fbeb0e90-86c0-40c9-a8a0-94918d9887de","ParentWorkflowIdentifier":"619adaf8-12ba-4dee-bd37-fc2c79f6d308","Name":"DynamicInjectionInstancePlaceholder","Value":""},{"ParentStepIdentifier":"fbeb0e90-86c0-40c9-a8a0-94918d9887de","ParentWorkflowIdentifier":"619adaf8-12ba-4dee-bd37-fc2c79f6d308","Name":"FallbackIntegrationInstance","Value":"2d6f4cbb-8b20-4722-9f2c-8f86aa6f5cb1"},{"ParentStepIdentifier":"fbeb0e90-86c0-40c9-a8a0-94918d9887de","ParentWorkflowIdentifier":"619adaf8-12ba-4dee-bd37-fc2c79f6d308","Name":"FetchInstanceByName","Value":"false"},{"ParentStepIdentifier":"fbeb0e90-86c0-40c9-a8a0-94918d9887de","ParentWorkflowIdentifier":"619adaf8-12ba-4dee-bd37-fc2c79f6d308","Name":"HasApprovalLink","Value":null},{"ParentStepIdentifier":"fbeb0e90-86c0-40c9-a8a0-94918d9887de","ParentWorkflowIdentifier":"619adaf8-12ba-4dee-bd37-fc2c79f6d308","Name":"IntegrationInstance","Value":"AutomaticEnvironment"},{"ParentStepIdentifier":"fbeb0e90-86c0-40c9-a8a0-94918d9887de","ParentWorkflowIdentifier":"619adaf8-12ba-4dee-bd37-fc2c79f6d308","Name":"MessageToAssignee","Value":null},{"ParentStepIdentifier":"fbeb0e90-86c0-40c9-a8a0-94918d9887de","ParentWorkflowIdentifier":"619adaf8-12ba-4dee-bd37-fc2c79f6d308","Name":"PendingActionTimeout","Value":null},{"ParentStepIdentifier":"fbeb0e90-86c0-40c9-a8a0-94918d9887de","ParentWorkflowIdentifier":"619adaf8-12ba-4dee-bd37-fc2c79f6d308","Name":"RetryConfiguration","Value":"{\"Enabled\":false,\"IntervalInSeconds\":30,\"NumberOfRetries\":1}"},{"ParentStepIdentifier":"fbeb0e90-86c0-40c9-a8a0-94918d9887de","ParentWorkflowIdentifier":"619adaf8-12ba-4dee-bd37-fc2c79f6d308","Name":"ScriptName","Value":"RubrikSecurityCloud_IOC Scan Results"},{"ParentStepIdentifier":"fbeb0e90-86c0-40c9-a8a0-94918d9887de","ParentWorkflowIdentifier":"619adaf8-12ba-4dee-bd37-fc2c79f6d308","Name":"ScriptParametersEntityFields","Value":"{\"Hunt ID\":\"[Turbo IOC Scan.JsonResult| \\\"data.startTurboThreatHunt.huntId\\\"]\"}"},{"ParentStepIdentifier":"fbeb0e90-86c0-40c9-a8a0-94918d9887de","ParentWorkflowIdentifier":"619adaf8-12ba-4dee-bd37-fc2c79f6d308","Name":"SelectedScopeName","Value":"All entities"},{"ParentStepIdentifier":"fbeb0e90-86c0-40c9-a8a0-94918d9887de","ParentWorkflowIdentifier":"619adaf8-12ba-4dee-bd37-fc2c79f6d308","Name":"UseEntitiesLoopScope","Value":null}],"AutoSkipOnFailure":false,"IsDebugMockData":false,"StepDebugData":{"CreationTimeUnixTimeInMs":0,"ModificationTimeUnixTimeInMs":0,"OriginalWorkflowIdentifier":"9bca9e6a-9dda-415a-9752-2e2f87622a36","OriginalStepIdentifier":"6e79a776-8a1a-45dc-9c9f-002468196c9e","ResultValue":"","ResultJson":"","ScopeEntitiesEnrichmentData":[],"ScopeEntitiesEnrichmentDataJson":"[]"},"ParentStepContainerId":null,"IsTouchedByAi":false,"StartLoopStepIdentifier":null,"ParallelActions":[]},{"Identifier":"fd0a5fd1-a63a-40ff-af48-3b607fae335d","OriginalStepIdentifier":"61e1e884-6b90-4a09-aa02-1211c404793d","ParentWorkflowIdentifier":"619adaf8-12ba-4dee-bd37-fc2c79f6d308","ParentStepIdentifiers":["caa4a9e1-eff1-4ee7-9d62-97dbae8b2414"],"ParentStepIdentifier":"caa4a9e1-eff1-4ee7-9d62-97dbae8b2414","PreviousResultCondition":"{}","InstanceName":"Turbo IOC Scan","IsAutomatic":true,"Name":"RubrikSecurityCloud_Turbo IOC Scan","IsSkippable":false,"Description":"Start a new turbo threat hunt.","ActionProvider":"Scripts","ActionName":"RubrikSecurityCloud_Turbo IOC Scan","Type":0,"Integration":"RubrikSecurityCloud","Parameters":[{"ParentStepIdentifier":"fd0a5fd1-a63a-40ff-af48-3b607fae335d","ParentWorkflowIdentifier":"619adaf8-12ba-4dee-bd37-fc2c79f6d308","Name":"AssignedUsers","Value":null},{"ParentStepIdentifier":"fd0a5fd1-a63a-40ff-af48-3b607fae335d","ParentWorkflowIdentifier":"619adaf8-12ba-4dee-bd37-fc2c79f6d308","Name":"AsyncActionTimeout","Value":"86400"},{"ParentStepIdentifier":"fd0a5fd1-a63a-40ff-af48-3b607fae335d","ParentWorkflowIdentifier":"619adaf8-12ba-4dee-bd37-fc2c79f6d308","Name":"AsyncPollingInterval","Value":"3600"},{"ParentStepIdentifier":"fd0a5fd1-a63a-40ff-af48-3b607fae335d","ParentWorkflowIdentifier":"619adaf8-12ba-4dee-bd37-fc2c79f6d308","Name":"DynamicInjectionInstancePlaceholder","Value":""},{"ParentStepIdentifier":"fd0a5fd1-a63a-40ff-af48-3b607fae335d","ParentWorkflowIdentifier":"619adaf8-12ba-4dee-bd37-fc2c79f6d308","Name":"FallbackIntegrationInstance","Value":"2d6f4cbb-8b20-4722-9f2c-8f86aa6f5cb1"},{"ParentStepIdentifier":"fd0a5fd1-a63a-40ff-af48-3b607fae335d","ParentWorkflowIdentifier":"619adaf8-12ba-4dee-bd37-fc2c79f6d308","Name":"FetchInstanceByName","Value":"false"},{"ParentStepIdentifier":"fd0a5fd1-a63a-40ff-af48-3b607fae335d","ParentWorkflowIdentifier":"619adaf8-12ba-4dee-bd37-fc2c79f6d308","Name":"HasApprovalLink","Value":null},{"ParentStepIdentifier":"fd0a5fd1-a63a-40ff-af48-3b607fae335d","ParentWorkflowIdentifier":"619adaf8-12ba-4dee-bd37-fc2c79f6d308","Name":"IntegrationInstance","Value":"AutomaticEnvironment"},{"ParentStepIdentifier":"fd0a5fd1-a63a-40ff-af48-3b607fae335d","ParentWorkflowIdentifier":"619adaf8-12ba-4dee-bd37-fc2c79f6d308","Name":"MessageToAssignee","Value":null},{"ParentStepIdentifier":"fd0a5fd1-a63a-40ff-af48-3b607fae335d","ParentWorkflowIdentifier":"619adaf8-12ba-4dee-bd37-fc2c79f6d308","Name":"PendingActionTimeout","Value":null},{"ParentStepIdentifier":"fd0a5fd1-a63a-40ff-af48-3b607fae335d","ParentWorkflowIdentifier":"619adaf8-12ba-4dee-bd37-fc2c79f6d308","Name":"RetryConfiguration","Value":"{\"Enabled\":false,\"IntervalInSeconds\":30,\"NumberOfRetries\":1}"},{"ParentStepIdentifier":"fd0a5fd1-a63a-40ff-af48-3b607fae335d","ParentWorkflowIdentifier":"619adaf8-12ba-4dee-bd37-fc2c79f6d308","Name":"ScriptName","Value":"RubrikSecurityCloud_Turbo IOC Scan"},{"ParentStepIdentifier":"fd0a5fd1-a63a-40ff-af48-3b607fae335d","ParentWorkflowIdentifier":"619adaf8-12ba-4dee-bd37-fc2c79f6d308","Name":"ScriptParametersEntityFields","Value":"{\"IOC\":\"[Rubrik Turbo IOC Scan Input Block.Extract Input Params.JsonResult| \\\"data.ioc_hash\\\"]\\n\",\"Scan Name\":\"\",\"Cluster ID\":\"[Rubrik Turbo IOC Scan Input Block.Extract Input Params.JsonResult| \\\"data.cluster_id\\\"]\",\"Start Time\":\"[Rubrik Turbo IOC Scan Input Block.Extract Input Params.JsonResult| \\\"data.start_time\\\"]\",\"End Time\":\"[Rubrik Turbo IOC Scan Input Block.Extract Input Params.JsonResult| \\\"data.end_time\\\"]\",\"Max Snapshots Per Object\":\"\"}"},{"ParentStepIdentifier":"fd0a5fd1-a63a-40ff-af48-3b607fae335d","ParentWorkflowIdentifier":"619adaf8-12ba-4dee-bd37-fc2c79f6d308","Name":"SelectedScopeName","Value":"All entities"},{"ParentStepIdentifier":"fd0a5fd1-a63a-40ff-af48-3b607fae335d","ParentWorkflowIdentifier":"619adaf8-12ba-4dee-bd37-fc2c79f6d308","Name":"UseEntitiesLoopScope","Value":null}],"AutoSkipOnFailure":true,"IsDebugMockData":false,"StepDebugData":null,"ParentStepContainerId":null,"IsTouchedByAi":false,"StartLoopStepIdentifier":null,"ParallelActions":[]}],"Triggers":[{"Identifier":"2b3d216b-0f5b-4016-a940-a413ffae0528","IsEnabled":true,"DefinitionIdentifier":"619adaf8-12ba-4dee-bd37-fc2c79f6d308","Type":3,"WorkflowName":null,"LogicalOperator":0,"Conditions":[{"FieldName":"","MatchType":0,"Value":"RubrikSecurityCloud","CustomOperatorName":null}],"Environments":["*"]}],"OverviewTemplates":[{"Identifier":"72106f19-f5e3-49c7-94c8-4bf7e0a6c81e","Name":"Turbo IOC Scan","Creator":null,"PlaybookDefinitionIdentifier":"619adaf8-12ba-4dee-bd37-fc2c79f6d308","Type":0,"AlertRuleType":null,"Roles":[],"Widgets":[{"Title":"Turbo IOC Scan Overview","Description":"Important details extracted from the Turbo IOC Scan result.","Identifier":"b070dbb2-711a-4606-9f5c-4825d1e1b39d","Order":1,"TemplateIdentifier":"72106f19-f5e3-49c7-94c8-4bf7e0a6c81e","Type":0,"DataDefinitionJson":"{\n  \"keyValue\": [\n    {\n      \"key\": \"Scan Start time\",\n      \"value\": \"[Get Results.JsonResult|\\\"data.threatHuntDetailV2.startTime\\\"]\"\n    },\n    {\n      \"key\": \"Scan End Time\",\n      \"value\": \"[Get Results.JsonResult|\\\"data.threatHuntDetailV2.endTime\\\"]\"\n    },\n    {\n      \"key\": \"IOC Hash\",\n      \"value\": \"[Get Results.JsonResult|\\\"data.threatHuntDetailV2.baseConfig.ioc.iocList.indicatorsOfCompromise.iocValue\\\"]\"\n    },\n    {\n      \"key\": \"Scanned Objects \",\n      \"value\": \"[Get Results.JsonResult|\\\"data.threatHuntObjectMetrics.totalObjectsScanned\\\"]\"\n    },\n    {\n      \"key\": \"Affected Objects\",\n      \"value\": \"[Get Results.JsonResult|\\\"data.threatHuntObjectMetrics.totalAffectedObjects\\\"]\"\n    },\n    {\n      \"key\": \"Unique File Matches\",\n      \"value\": \"[Get Results.JsonResult|\\\"data.threatHuntDetailV2.totalUniqueFileMatches\\\"]\"\n    },\n    {\n      \"key\": \"Scanned Snapshots\",\n      \"value\": \"[Get Results.JsonResult|\\\"data.threatHuntDetailV2.totalScannedSnapshots\\\"]\"\n    },\n    {\n      \"key\": \"Matched Snapshots\",\n      \"value\": \"[Get Results.JsonResult|\\\"data.threatHuntDetailV2.totalMatchedSnapshots\\\"]\"\n    }\n  ],\n  \"type\": 0,\n  \"widgetDefinitionScope\": 2\n}","GridColumns":2,"ActionWidgetTemplateIdentifier":null,"StepIdentifier":null,"StepIntegration":null,"BlockStepIdentifier":null,"BlockStepInstanceName":null,"PresentIfEmpty":false,"ConditionsGroup":{"Conditions":[],"LogicalOperator":0},"IntegrationName":""},{"Title":"Turbo IOC Scan Result","Description":"Json result of the Turbo IOC scan.","Identifier":"083f9216-b169-4c52-8457-855a96598c7c","Order":2,"TemplateIdentifier":"72106f19-f5e3-49c7-94c8-4bf7e0a6c81e","Type":2,"DataDefinitionJson":"{\n  \"dataSource\": \"[Get Results.JsonResult]\",\n  \"jsonSample\": null,\n  \"type\": 2,\n  \"widgetDefinitionScope\": 2\n}","GridColumns":1,"ActionWidgetTemplateIdentifier":null,"StepIdentifier":null,"StepIntegration":null,"BlockStepIdentifier":null,"BlockStepInstanceName":null,"PresentIfEmpty":false,"ConditionsGroup":{"Conditions":[],"LogicalOperator":0},"IntegrationName":""}]}],"Permissions":[],"Environments":["*"]}}